kit_id,kit_codigo,kit_nome,kit_saldo_pacotes,kit_qtd_pacote,kit_equiv_unidades,kit_valor_estoque,simples_id,simples_codigo,simples_nome,simples_saldo,simples_valor_estoque,simples_receita_12m,score_jaccard,bate_numericamente,diff_pct,nivel_confianca
435885318,14480,CARTUCHO PARA VAPORES ORGÂNICOS M6000 A2 - DELTA PLUS (2 UNID),19,2.0,38,1364.808,435885303,14541,CARTUCHO PARA VAPORES ORGÂNICOS M6000 A2 - DELTA PLUS,38,1364.808,813.85,1.0,True,0.0,1
435883503,14497,"CARTUCHO PARA VAPORES ORGÂNICOS, GASES ÁCIDOS, AMÔNIA E METILAMINAS M6000 ABEK1 - DELTA PLUS (2 UNID)",11,2.0,22,1325.709,435883500,14540,"CARTUCHO PARA VAPORES ORGÂNICOS, GASES ÁCIDOS, AMÔNIA E METILAMINAS M6000 ABEK1 - DELTA PLUS",22,1325.709,3739.4,1.0,True,0.0,1
425532447,13617,CARTUCHO QUÍMICO RC203 - CARBOGRAFITE (6 UNID),73,6.0,438,5739.552,425532399,13616,CARTUCHO QUÍMICO RC203 - CARBOGRAFITE,438,5739.552,18172.43,1.0,True,0.0,1
442993532,16613,"CORDÃO ABSORVENTE DE ÓLEO 1,20 M - BIOSOLVIT (25 UNID)",7,25.0,175,2298.7125,442993522,16612,"CORDÃO ABSORVENTE DE ÓLEO 1,20 M - BIOSOLVIT",175,2298.7125,311.97,1.0,True,0.0,1
442993619,16615,"CORDÃO ABSORVENTE DE ÓLEO 2,40 M - BIOSOLVIT (15 UNID)",3,15.0,45,1026.27,442993522,16612,"CORDÃO ABSORVENTE DE ÓLEO 1,20 M - BIOSOLVIT",175,2298.7125,311.97,1.0,False,0.7428571428571429,3
425181625,13581,"DISCO DE CORTE 115MM x 1,0MM x 22,23MM DCI INOX - VONDER (100 UNID)",1,100.0,100,233.1,425040128,13580,"DISCO DE CORTE 115MM x 1,0MM x 22,23MM DCI INOX - VONDER",100,233.1,2625.59,1.0,True,0.0,1
425213760,13583,"DISCO DE CORTE 180MM x 1,6MM x 22,23MM DCI INOX - VONDER (50 UNID)",0,50.0,0,0.0,425213388,13582,"DISCO DE CORTE 180MM x 1,6MM x 22,23MM DCI INOX - VONDER ",0,0.0,0.0,1.0,True,1.0,1
425408550,13594,DISCO DE CORTE DIAMANTADO 110MM ANEL CONTÍNUO V1 FURO 20MM - VONDER (25 UNID),9,25.0,225,2703.9087,425378190,13584,DISCO DE CORTE DIAMANTADO 110MM ANEL CONTÍNUO V1 FURO 20MM - VONDER,225,2473.5375,285.41,1.0,True,0.0,1
425408834,13595,DISCO DE CORTE DIAMANTADO 110MM ANEL CONTÍNUO V2 FURO 20MM - VONDER (25 UNID),0,25.0,0,0.0,425378200,13585,DISCO DE CORTE DIAMANTADO 110MM ANEL CONTÍNUO V2 FURO 20MM - VONDER,0,0.0,0.0,1.0,True,1.0,1
444284527,16723,"DISCO DE FIBRA CUBITRON II 982C GRÃO 36 115 MM X 22,2 MM HB004480305 - 3M (25 UNID)",0,25.0,0,0.0,444284515,16722,"DISCO DE FIBRA CUBITRON II 982C GRÃO 36 115 MM X 22,2 MM HB004480305 - 3M",0,0.0,0.0,1.0,True,1.0,1
444284629,16725,"DISCO DE FIBRA CUBITRON II 982C GRÃO 36 178 MM X 22,2 MM HB004480297 - 3M (25 UNID)",0,25.0,0,0.0,444284620,16724,"DISCO DE FIBRA CUBITRON II 982C GRÃO 36 178 MM X 22,2 MM HB004480297 - 3M",0,0.0,0.0,1.0,True,1.0,1
444284442,16721,"DISCO DE FIBRA CUBITRON II 982C GRÃO 60 115 MM X 22,2 MM HC000623955 - 3M (25 UNID)",0,25.0,0,0.0,444284434,16720,"DISCO DE FIBRA CUBITRON II 982C GRÃO 60 115 MM X 22,2 MM HC000623955 - 3M",0,0.0,0.0,1.0,True,1.0,1
444284227,16719,"DISCO DE FIBRA CUBITRON II 982C GRÃO 60 178 MM X 22,2 MM HC000623963 - 3M (25 UNID)",0,25.0,0,0.0,444284208,16718,"DISCO DE FIBRA CUBITRON II 982C GRÃO 60 178 MM X 22,2 MM HC000623963 - 3M",0,0.0,0.0,1.0,True,1.0,1
444282828,16709,DISCO LIXA VELCRO HOOKIT PURPLE 260L P1200 152 MM HC000630869 - 3M (50 UNID),0,50.0,0,0.0,444282794,16708,DISCO LIXA VELCRO HOOKIT PURPLE 260L P1200 152 MM HC000630869 - 3M,0,0.0,0.0,1.0,True,1.0,1
444283263,16711,DISCO LIXA VELCRO HOOKIT PURPLE 260L P1500 152 MM HC000630877 - 3M (50 UNID),0,50.0,0,0.0,444283229,16710,DISCO LIXA VELCRO HOOKIT PURPLE 260L P1500 152 MM HC000630877 - 3M,0,0.0,0.0,1.0,True,1.0,1
444283435,16713,DISCO LIXA VELCRO HOOKIT PURPLE 260L P800 152 MM HC000630844 - 3M (50 UNID),0,50.0,0,0.0,444283391,16712,DISCO LIXA VELCRO HOOKIT PURPLE 260L P800 152 MM HC000630844 - 3M,0,0.0,0.0,1.0,True,1.0,1
444283641,16715,DISCO TRIZACT 3000 152 MM PARA POLIMENTO HC000657292 - 3M (15 UNID),0,15.0,0,0.0,444283628,16714,DISCO TRIZACT 3000 152 MM PARA POLIMENTO HC000657292 - 3M,0,0.0,0.0,1.0,True,1.0,1
444284025,16717,DISCO TRIZACT 5000 152 MM PARA POLIMENTO HC000657276 - 3M (15 UNID),0,15.0,0,0.0,444283951,16716,DISCO TRIZACT 5000 152 MM PARA POLIMENTO HC000657276 - 3M,0,0.0,0.0,1.0,True,1.0,1
435887168,14478,"FILTRO COM RETENTOR PARA POEIRAS, NÉVOAS E FUMOS M6000 P2 CLIP M6000P2CLIPBR - DELTA PLUS (2 UNID)",39,2.0,78,1061.70012,435887041,14543,"FILTRO COM RETENTOR PARA POEIRAS, NÉVOAS E FUMOS M6000 P2 CLIP M6000P2CLIPBR - DELTA PLUS",78,1061.70012,2567.53,1.0,True,0.0,1
432109213,14033,FILTRO RC1 CARBOGRAFITE - (6 UNID),4,6.0,24,350.96,432114567,14096,FILTRO RC1 - CARBOGRAFITE ,24,350.9376,0.0,1.0,True,0.0,1
440556920,16174,FITA ADESIVA DUREX TRANSPARENTE 12 MM X 10 M HB004174254 - 3M (10 UNID),8,10.0,80,126.0,440556863,16173,FITA ADESIVA DUREX TRANSPARENTE 12 MM X 10 M HB004174254 - 3M,80,126.0,261.05,1.0,True,0.0,1
425409014,13597,FITA ADESIVA PARA DEMARCAÇÃO 48MM X 30M AMARELA - VONDER  (6 UNIDADES),5,6.0,30,504.2493,425379587,13588,FITA ADESIVA PARA DEMARCAÇÃO 48MM X 30M AMARELA - VONDER,30,504.2493,5126.01,1.0,True,0.0,1
425409008,13596,FITA ADESIVA PARA DEMARCAÇÃO 48MM X 30M AZUL - VONDER (6 UNIDADES),11,6.0,66,1109.34846,425379275,13587,FITA ADESIVA PARA DEMARCAÇÃO 48MM X 30M AZUL - VONDER,66,1109.34846,1811.45,1.0,True,0.0,1
425409248,13598,FITA ADESIVA PARA DEMARCAÇÃO 48MM X 30M BRANCA - VONDER (6 UNIDADES),8,6.0,48,806.79888,425379751,13589,FITA ADESIVA PARA DEMARCAÇÃO 48MM X 30M BRANCA - VONDER ,48,806.79888,1694.63,1.0,True,0.0,1
425409261,13599,FITA ADESIVA PARA DEMARCAÇÃO 48MM X 30M VERMELHA - VONDER (6 UNIDADES),6,6.0,36,759.65292,425380120,13590,FITA ADESIVA PARA DEMARCAÇÃO 48MM X 30M VERMELHA - VONDER,36,598.57848,969.4,1.0,True,0.0,1
425409270,13600,FITA ADESIVA PARA DEMARCAÇÃO 48MM X 30M ZEBRADA - VONDER (6 UNIDADES),10,6.0,60,1063.9386,425380215,13591,FITA ADESIVA PARA DEMARCAÇÃO 48MM X 30M ZEBRADA - VONDER,60,1063.9386,2970.8,1.0,True,0.0,1
435765026,14460,FITA ADESIVA PARA EMBALAR MARROM 48 MM x 50 M HB004723407 - 3M (4 UNID),44,4.0,176,1485.792,435765015,14477,FITA ADESIVA PARA EMBALAR MARROM 48 MM x 50 M HB004723407 - 3M ,176,1485.792,815.53,1.0,True,0.0,1
435764621,14461,FITA ADESIVA PARA EMBALAR TRANSPARENTE 48 MM x 50 M HB004723399 - 3M (4 UNID),74,4.0,296,2419.578,435764614,14476,FITA ADESIVA PARA EMBALAR TRANSPARENTE 48 MM x 50 M HB004723399 - 3M ,296,1934.73,4423.14,1.0,True,0.0,1
437627999,14670,FITA CREPE 101LA 18 MM X 50 M HB004572341 - 3M (6 UNID),25,6.0,150,900.0885,437627994,14669,FITA CREPE 101LA 18 MM X 50 M HB004572341 - 3M ,150,900.0885,3693.42,1.0,True,0.0,1
437631107,14672,FITA CREPE 101LA 24 MM X 50 M HB004572374 - 3M (5 UNID),53,5.0,265,2115.8819,437631104,14671,FITA CREPE 101LA 24 MM X 50 M HB004572374 - 3M,265,2115.8819,4816.21,1.0,True,0.0,1
437631112,14674,FITA CREPE 101LA 48 MM X 50 M HB004572382 - 3M (2 UNID),19,2.0,38,595.09216,437631109,14673,FITA CREPE 101LA 48 MM X 50 M HB004572382 - 3M,38,607.44406,4506.08,1.0,True,0.0,1
440758040,16299,FITA CREPE AUTOMOTIVA ALTA PERFORMANCE AMARELA 18 MM X 40 M HC000660494 - 3M (12 UNID),12,12.0,144,1280.9232,440575756,16177,FITA CREPE AUTOMOTIVA ALTA PERFORMANCE AMARELA 18 MM X 40 M HC000660494 - 3M,144,1280.9232,1097.98,1.0,True,0.0,1
440757884,16298,FITA CREPE AUTOMOTIVA ALTA PERFORMANCE AMARELA 48 MM X 40 M HC000660510 - 3M (6 UNID),12,6.0,72,1826.52696,440575577,16176,FITA CREPE AUTOMOTIVA ALTA PERFORMANCE AMARELA 48 MM X 40 M HC000660510 - 3M,72,1826.52696,0.0,1.0,True,0.0,1
435959708,14458,FITA ISOLANTE IMPERIAL 18 MM x 10 M HB004216360 - 3M (10 UNID),24,10.0,240,1217.16,435959704,14544,FITA ISOLANTE IMPERIAL 18 MM x 10 M HB004216360 - 3M ,240,1217.16,1408.99,1.0,True,0.0,1
435763721,14457,FITA ISOLANTE IMPERIAL 18 MM x 20 M HB004216360 - 3M (10 UNID),34,10.0,340,2864.925,435959704,14544,FITA ISOLANTE IMPERIAL 18 MM x 10 M HB004216360 - 3M ,240,1217.16,1408.99,1.0,False,0.29411764705882354,3
435762580,14459,FITA ISOLANTE IMPERIAL 18 MM x 5 M HB004237556 - 3M (10 UNID),18,10.0,180,569.835,435762482,14474,FITA ISOLANTE IMPERIAL 18 MM x 5 M HB004237556 - 3M ,180,569.835,1890.67,1.0,True,0.0,1
440555727,16159,FITA ISOLANTE IMPERIAL AMARELA 18 MM X 20 M HB004297972 - 3M (10 UNID),2,10.0,20,194.04,440555654,16158,FITA ISOLANTE IMPERIAL AMARELA 18 MM X 20 M HB004297972 - 3M,20,194.04,173.9,1.0,True,0.0,1
440555908,16161,FITA ISOLANTE IMPERIAL AZUL 18 MM X 20 M HB004297998 - 3M (10 UNID),2,10.0,20,194.04,440555905,16160,FITA ISOLANTE IMPERIAL AZUL 18 MM X 20 M HB004297998 - 3M,20,194.04,189.47,1.0,True,0.0,1
440555981,16163,FITA ISOLANTE IMPERIAL VERDE 18 MM X 20 M HB004298079 - 3M (10 UNID),2,10.0,20,194.04,440555934,16162,FITA ISOLANTE IMPERIAL VERDE 18 MM X 20 M HB004298079 - 3M,20,194.04,173.89,1.0,True,0.0,1
440556015,16165,FITA ISOLANTE IMPERIAL VERMELHA 18 MM X 20 M HB004298129 - 3M (10 UNID),5,10.0,50,573.3,440556010,16164,FITA ISOLANTE IMPERIAL VERMELHA 18 MM X 20 M HB004298129 - 3M,50,573.3,279.37,1.0,True,0.0,1
439797700,16117,FITA SEM ADESIVO PARA DEMARCAÇÃO 70 MM X 200 M ZEBRADA NOVE54 - VONDER (20 UNIDADES),0,20.0,0,0.0,439797661,16116,FITA SEM ADESIVO PARA DEMARCAÇÃO 70 MM X 200 M ZEBRADA NOVE54 - VONDER,0,0.0,0.0,1.0,True,1.0,1
425409277,13601,FITA SEM ADESIVO PARA DEMARCAÇÃO 70MM X 200M ZEBRADA - VONDER (20 UNIDADES),1,20.0,20,555.345,425380245,13592,FITA SEM ADESIVO PARA DEMARCAÇÃO 70MM X 200M ZEBRADA - VONDER,30,833.0175,0.0,1.0,False,0.3333333333333333,3
435866483,14501,JUGULAR DE 4 PONTOS PARA CAPACETE BASEBALL DIAMOND V DYNAMIC JUGALPHA JUGALDYNGR - DELTA PLUS (10 UNID),4,10.0,40,600.894,435866472,14513,JUGULAR DE 4 PONTOS PARA CAPACETE BASEBALL DIAMOND V DYNAMIC JUGALPHA JUGALDYNGR - DELTA PLUS,40,600.894,1765.26,1.0,True,0.0,1
437698858,14693,JUGULAR DE TECIDO 3 PONTOS PARA CAPACETE H700 EM ELÁSTICO HB004322804 - 3M (5 UNID),6,5.0,30,867.51,437698849,14692,JUGULAR DE TECIDO 3 PONTOS PARA CAPACETE H700 EM ELÁSTICO HB004322804 - 3M,30,867.51,7171.51,1.0,True,0.0,1
437701382,14695,JUGULAR DE TECIDO PARA CAPACETE H700 EM ELÁSTICO HB004217442 - 3M (20 UNID),0,20.0,0,0.0,437701379,14694,JUGULAR DE TECIDO PARA CAPACETE H700 EM ELÁSTICO HB004217442 - 3M,1,10.97775,6716.66,1.0,False,1.0,3
399219737,12029,JUGULAR P/ CAPACETE C/ QUEIXEIRA CLASSE B DELTA PLUS - POLIÉSTER (10 UNID),62,10.0,620,1992.928,386150723,11745,JUGULAR P/ CAPACETE CLASSE B - DELTA PLUS (POLIÉSTER) ,0,0.0,0.0,0.8571428571428571,False,1.0,3
402516423,12164,JUGULAR P/ CAPACETE CLASSE A E B CAMPER - POLIÉSTER (10 UNID),127,10.0,1270,4176.522,386150723,11745,JUGULAR P/ CAPACETE CLASSE B - DELTA PLUS (POLIÉSTER) ,0,0.0,0.0,0.5714285714285714,False,1.0,3
426673655,13681,JUGULAR P/ CAPACETE CLASSE A E B CAMPER - POLIÉSTER (20 UNID),63,20.0,1260,4143.636,386150723,11745,JUGULAR P/ CAPACETE CLASSE B - DELTA PLUS (POLIÉSTER) ,0,0.0,0.0,0.5714285714285714,False,1.0,3
435866199,14502,JUGULAR UNIVERSAL PARA CAPACETE COM VELCRO WPS0831 - DELTA PLUS (40 UNID),2,40.0,80,439.74,435866189,14512,JUGULAR UNIVERSAL PARA CAPACETE COM VELCRO WPS0831 - DELTA PLUS,80,439.74,1300.99,1.0,True,0.0,1
438288127,14896,LENTE RETANGULAR PARA MÁSCARA DE SOLDA 50 MM X 105 MM INCOLOR - DELTA PLUS (50 UNIDADES),2,50.0,100,138.6,438288097,14895,LENTE RETANGULAR PARA MÁSCARA DE SOLDA 50 MM X 105 MM INCOLOR - DELTA PLUS,100,138.6,0.0,1.0,True,0.0,1
438288347,14898,LENTE RETANGULAR PARA MÁSCARA DE SOLDA 50 MM X 105 MM TONALIDADE 10 - DELTA PLUS (50 UNIDAES),10,,0,899.95,438288185,14897,LENTE RETANGULAR PARA MÁSCARA DE SOLDA 50 MM X 105 MM TONALIDADE 10 - DELTA PLUS,548,986.3452,1432.27,0.8888888888888888,False,1.0,3
425533234,13622,LENTE RETANGULAR PARA MÁSCARA DE SOLDA 51MM X 108MM INCOLOR - CARBOGRAFITE (150 UNID),3,150.0,450,380.8395,425533176,13621,LENTE RETANGULAR PARA MÁSCARA DE SOLDA 51MM X 108MM INCOLOR - CARBOGRAFITE,500,423.155,3058.35,1.0,True,0.1,1
425531553,13613,LENTE RETANGULAR PARA MÁSCARA DE SOLDA 51MM X 108MM TONALIDADE 10 - CARBOGRAFITE (100 UNID),5,100.0,500,867.535,425531502,13612,LENTE RETANGULAR PARA MÁSCARA DE SOLDA 51MM X 108MM TONALIDADE 10 - CARBOGRAFITE,500,867.535,1706.56,1.0,True,0.0,1
435745773,14442,LIXA FERRO 221T GRÃO P100 225 MM X 275 MM HB004602684 - 3M (50 UNID),2,50.0,100,303.975,435745713,14464,LIXA FERRO 221T GRÃO P100 225 MM X 275 MM HB004602684 - 3M ,100,303.975,623.59,1.0,True,0.0,1
435747725,14435,LIXA FERRO 221T GRÃO P120 225 MM X 275 MM HB004602700 - 3M (50 UNID),5,50.0,250,759.9375,435747709,14469,LIXA FERRO 221T GRÃO P120 225 MM X 275 MM HB004602700 - 3M ,250,759.9375,1052.47,1.0,True,0.0,1
435747049,14434,LIXA FERRO 221T GRÃO P150 225 MM X 275 MM HB004602718 - 3M (50 UNID),2,50.0,100,277.169,435747023,14467,LIXA FERRO 221T GRÃO P150 225 MM X 275 MM HB004602718 - 3M ,100,277.169,118.48,1.0,True,0.0,1
435746973,14433,LIXA FERRO 221T GRÃO P180 225 MM X 275 MM HB004602726 - 3M (50 UNID),2,50.0,100,306.684,435746902,14466,LIXA FERRO 221T GRÃO P180 225 MM X 275 MM HB004602726 - 3M ,100,306.684,385.94,1.0,True,0.0,1
435747488,14436,LIXA FERRO 221T GRÃO P220 225 MM X 275 MM HB004602734 - 3M (50 UNID),2,50.0,100,306.684,435747443,14468,LIXA FERRO 221T GRÃO P220 225 MM X 275 MM HB004602734 - 3M ,100,306.684,520.64,1.0,True,0.0,1
435749920,14443,LIXA FERRO 221T GRÃO P36 225 MM X 275 MM HB004602650 - 3M (50 UNID),3,50.0,150,596.7675,435749882,14471,LIXA FERRO 221T GRÃO P36 225 MM X 275 MM HB004602650 - 3M ,150,596.7675,3139.13,1.0,True,0.0,1
435761191,14440,LIXA FERRO 221T GRÃO P40 225 MM X 275 MM HB004602692 - 3M (50 UNID),7,50.0,350,1281.987,435761159,14472,LIXA FERRO 221T GRÃO P40 225 MM X 275 MM HB004602692 - 3M ,350,1281.987,2840.4,1.0,True,0.0,1
435749814,14441,LIXA FERRO 221T GRÃO P50 225 MM X 275 MM HB004602668 - 3M (50 UNID),2,50.0,100,332.073,435749677,14470,LIXA FERRO 221T GRÃO P50 225 MM X 275 MM HB004602668 - 3M ,100,332.073,249.78,1.0,True,0.0,1
435761536,14439,LIXA FERRO 221T GRÃO P60 225 MM X 275 MM HB004602676 - 3M (50 UNID),1,50.0,50,151.4205,435761487,14473,LIXA FERRO 221T GRÃO P60 225 MM X 275 MM HB004602676 - 3M ,50,151.4205,545.15,1.0,True,0.0,1
435746689,14438,LIXA FERRO 221T GRÃO P80 225 MM X 275 MM HB004602817 - 3M (50 UNID),2,50.0,100,332.073,435746536,14465,LIXA FERRO 221T GRÃO P80 225 MM X 275 MM HB004602817 - 3M ,100,332.073,1465.29,1.0,True,0.0,1
435721638,14450,LIXA MASSA E MADEIRA 230U GRÃO P100 225 MM x 275 MM HB004602809 - 3M (50 UNID) ,3,50.0,150,124.788,435720574,14452,LIXA MASSA E MADEIRA 230U GRÃO P100 225 MM x 275 MM HB004602809 - 3M ,150,124.788,169.08,1.0,True,0.0,1
435723166,14449,LIXA MASSA E MADEIRA 230U GRÃO P120 225 MM x 275 MM HB004602791 - 3M (50 UNID),5,50.0,250,183.96,435723111,14453,LIXA MASSA E MADEIRA 230U GRÃO P120 225 MM x 275 MM HB004602791 - 3M ,250,183.96,482.12,1.0,True,0.0,1
435723432,14448,LIXA MASSA E MADEIRA 230U GRÃO P150 225 MM x 275 MM HB004602783 - 3M (50 UNID),1,50.0,50,36.792,435723405,14454,LIXA MASSA E MADEIRA 230U GRÃO P150 225 MM x 275 MM HB004602783 - 3M ,50,36.792,100.71,1.0,True,0.0,1
435743045,14447,LIXA MASSA E MADEIRA 230U GRÃO P180 225 MM x 275 MM HB004602775 - 3M (50 UNID),2,50.0,100,83.192,435742909,14462,LIXA MASSA E MADEIRA 230U GRÃO P180 225 MM x 275 MM HB004602775 - 3M ,100,83.192,367.86,1.0,True,0.0,1
435743822,14446,LIXA MASSA E MADEIRA 230U GRÃO P220 225 MM x 275 MM HB004602767 - 3M (50 UNID),0,50.0,0,0.0,435743756,14463,LIXA MASSA E MADEIRA 230U GRÃO P220 225 MM x 275 MM HB004602767 - 3M ,0,0.0,351.39,1.0,True,1.0,1
435726925,14444,LIXA MASSA E MADEIRA 230U GRÃO P60 225 MM x 275 MM HB004602742 - 3M (50 UNID),1,50.0,50,55.141,435726865,14455,LIXA MASSA E MADEIRA 230U GRÃO P60 225 MM x 275 MM HB004602742 - 3M ,50,55.141,101.18,1.0,True,0.0,1
435727683,14445,LIXA MASSA E MADEIRA 230U GRÃO P80 225 MM x 275 MM HB004602759 - 3M (50 UNID),6,50.0,300,330.846,435727499,14456,LIXA MASSA E MADEIRA 230U GRÃO P80 225 MM x 275 MM HB004602759 - 3M ,300,330.846,571.35,1.0,True,0.0,1
399143939,11910,LUVA C/ BANHO NITRILICO AZUL VOLKNIT LONA VOLK - GG (12 UNID),46,12.0,552,6933.12,367149559,11511,LUVA C/ BANHO NITRILICO AZUL VOLKNIT LONA - VOLK (GG),552,6933.12,13111.02,1.0,True,0.0,1
399144400,11917,LUVA C/ BANHO NITRILICO NITRIL FULL VOLK - G (12 UNID),147,12.0,1764,16705.08,389742687,11817,LUVA C/ BANHO NITRÍLICO NITRIL FULL PLUS - VOLK (G),0,0.0,0.0,0.8571428571428571,False,1.0,3
399144423,11918,LUVA C/ BANHO NITRILICO NITRIL FULL VOLK - GG (12 UNID),152,12.0,1824,17273.28,389742693,11818,LUVA C/ BANHO NITRÍLICO NITRIL FULL PLUS - VOLK (GG),0,0.0,0.0,0.8571428571428571,False,1.0,3
399144355,11916,LUVA C/ BANHO NITRILICO NITRIL FULL VOLK - M (12 UNID),89,12.0,1068,10113.96,389742678,11816,LUVA C/ BANHO NITRÍLICO NITRIL FULL PLUS - VOLK (M),0,0.0,0.0,0.8571428571428571,False,1.0,3
399144323,11915,LUVA C/ BANHO NITRILICO NITRIL FULL VOLK - P (12 UNID),6,12.0,72,681.84,389742671,11815,LUVA C/ BANHO NITRÍLICO NITRIL FULL PLUS - VOLK (P),0,0.0,0.0,0.8571428571428571,False,1.0,3
437995594,14760,LUVA DE ALGODÃO COM BANHO DE LÁTEX CORRUGADO AZUL LVABLAZ IMBAT - G (12 PARES),94,12.0,1128,7354.56,437995454,14757,LUVA DE ALGODÃO COM BANHO DE LÁTEX CORRUGADO AZUL LVABLAZ - IMBAT (G),1128,7354.56,12427.37,1.0,True,0.0,1
437995603,14761,LUVA DE ALGODÃO COM BANHO DE LÁTEX CORRUGADO AZUL LVABLAZ IMBAT - GG (12 PARES),70,12.0,840,5476.8,437995517,14758,LUVA DE ALGODÃO COM BANHO DE LÁTEX CORRUGADO AZUL LVABLAZ - IMBAT (GG),840,5476.8,10923.55,1.0,True,0.0,1
437995574,14759,LUVA DE ALGODÃO COM BANHO DE LÁTEX CORRUGADO AZUL LVABLAZ IMBAT - M (12 PARES),20,12.0,240,1564.8,437995441,14756,LUVA DE ALGODÃO COM BANHO DE LÁTEX CORRUGADO AZUL LVABLAZ - IMBAT (M),240,1564.8,2826.93,1.0,True,0.0,1
425754665,13643,LUVA DE ALGODÃO COM BANHO DE LATÉX CORRUGADO ECOFLEX KALIPSO - G (12 UNID),1,12.0,12,111.51,425754569,13639,LUVA DE ALGODÃO COM BANHO DE LATÉX CORRUGADO ECOFLEX - KALIPSO (G),12,111.51,471.29,1.0,True,0.0,1
425754671,13644,LUVA DE ALGODÃO COM BANHO DE LATÉX CORRUGADO ECOFLEX KALIPSO - GG (12 UNID),14,12.0,168,1561.14,425754583,13640,LUVA DE ALGODÃO COM BANHO DE LATÉX CORRUGADO ECOFLEX - KALIPSO (GG),168,1561.14,1856.27,1.0,True,0.0,1
425754655,13642,LUVA DE ALGODÃO COM BANHO DE LATÉX CORRUGADO ECOFLEX KALIPSO - M (12 UNID),3,12.0,36,334.53,425754560,13638,LUVA DE ALGODÃO COM BANHO DE LATÉX CORRUGADO ECOFLEX - KALIPSO (M),36,334.53,581.7,1.0,True,0.0,1
425754650,13641,LUVA DE ALGODÃO COM BANHO DE LATÉX CORRUGADO ECOFLEX KALIPSO - P (12 UNID),4,12.0,48,446.04,425754551,13637,LUVA DE ALGODÃO COM BANHO DE LATÉX CORRUGADO ECOFLEX - KALIPSO (P),48,446.04,97.12,1.0,True,0.0,1
423046533,13381,LUVA DE ALGODÃO COM BANHO DE LÁTEX CORRUGADO GRIP SMART VOLK - G (12 UNID),0,12.0,0,0.0,423046462,13377,LUVA DE ALGODÃO COM BANHO DE LÁTEX CORRUGADO GRIP SMART - VOLK (G),0,0.0,0.0,1.0,True,1.0,1
423046540,13382,LUVA DE ALGODÃO COM BANHO DE LÁTEX CORRUGADO GRIP SMART VOLK - GG (12 UNID),0,12.0,0,0.0,423046474,13378,LUVA DE ALGODÃO COM BANHO DE LÁTEX CORRUGADO GRIP SMART - VOLK (GG),0,0.0,0.0,1.0,True,1.0,1
423046525,13380,LUVA DE ALGODÃO COM BANHO DE LÁTEX CORRUGADO GRIP SMART VOLK - M (12 UNID),0,12.0,0,0.0,423046436,13376,LUVA DE ALGODÃO COM BANHO DE LÁTEX CORRUGADO GRIP SMART - VOLK (M),0,0.0,0.0,1.0,True,1.0,1
423046513,13379,LUVA DE ALGODÃO COM BANHO DE LÁTEX CORRUGADO GRIP SMART VOLK - P (12 UNID),0,12.0,0,0.0,423046412,13375,LUVA DE ALGODÃO COM BANHO DE LÁTEX CORRUGADO GRIP SMART - VOLK (P),0,0.0,0.0,1.0,True,1.0,1
437995282,14754,LUVA DE ALGODÃO COM BANHO DE LÁTEX CORRUGADO VERDE LVSBLV IMBAT - G (12 PARES),24,12.0,288,2399.544,437995234,14751,LUVA DE ALGODÃO COM BANHO DE LÁTEX CORRUGADO VERDE LVSBLV  - IMBAT (G),288,2399.544,2451.29,1.0,True,0.0,1
437995368,14755,LUVA DE ALGODÃO COM BANHO DE LÁTEX CORRUGADO VERDE LVSBLV IMBAT - GG (12 PARES),39,12.0,468,3899.259,437995260,14752,LUVA DE ALGODÃO COM BANHO DE LÁTEX CORRUGADO VERDE LVSBLV - IMBAT (GG),468,3899.259,2867.7,1.0,True,0.0,1
437995273,14753,LUVA DE ALGODÃO COM BANHO DE LÁTEX CORRUGADO VERDE LVSBLV IMBAT - M (12 PARES),16,12.0,192,1599.696,437995147,14750,LUVA DE ALGODÃO COM BANHO DE LÁTEX CORRUGADO VERDE LVSBLV - IMBAT (M),192,1599.696,761.78,1.0,True,0.0,1
432166773,14047,LUVA DE ALGODÃO TRICOTADA BRANCA KALIPSO - G (12 UNID) ,25,12.0,300,642.6,432166701,14113,LUVA DE ALGODÃO TRICOTADA BRANCA - KALIPSO (G) ,300,642.6,2587.11,1.0,True,0.0,1
432168353,14046,LUVA DE ALGODÃO TRICOTADA MESCLADA KALIPSO - G (12 UNID) ,111,12.0,1332,3146.85,432168341,14114,LUVA DE ALGODÃO TRICOTADA MESCLADA - KALIPSO (G) ,1332,3146.85,8867.86,1.0,True,0.0,1
423648839,13411,LUVA DE ALGODÃO TRICOTADA MESCLADA SMART VOLK - G (12 UNID),0,12.0,0,0.0,423647994,13410,LUVA DE ALGODÃO TRICOTADA MESCLADA SMART - VOLK (G),0,0.0,11936.5,1.0,True,1.0,1
418984559,13239,LUVA DE ALGODÃO TRICOTADA MESCLADA VOLK  - G (12 UNID),37,12.0,444,932.4,418984497,13238,LUVA DE ALGODÃO TRICOTADA MESCLADA - VOLK (G),444,932.4,4215.99,1.0,True,0.0,1
440686067,16294,LUVA DE ALGODÃO TRICOTADA PIGMENTADA BRANCA LVABLP1 IMBAT - G (12 PARES),225,12.0,2700,7144.2,440685903,16293,LUVA DE ALGODÃO TRICOTADA PIGMENTADA BRANCA LVABLP1 - IMBAT (G),2700,5485.725,13912.4,1.0,True,0.0,1
437990351,14743,LUVA DE ALGODÃO TRICOTADA PIGMENTADA PRETA LVAPLP1 IMBAT - G (12 PARES),394,12.0,4728,11244.366,437990318,14742,LUVA DE ALGODÃO TRICOTADA PIGMENTADA PRETA LVAPLP1 - IMBAT (G),4728,11244.366,24527.36,1.0,True,0.0,1
423047372,13384,LUVA DE ALGODÃO TRICOTADA PIGMENTADA SMART VOLK - G (12 UNID),1055,12.0,12660,26206.2,423047333,13383,LUVA DE ALGODÃO TRICOTADA PIGMENTADA SMART - VOLK (G),12660,26206.2,118012.64,1.0,True,0.0,1
438128182,14087,LUVA DE ALGODÃO TRICOTADA PIGMENTADA TATEX BRANCA KALIPSO - G (12 PARES),78,12.0,936,2388.204,438128165,14805,LUVA DE ALGODÃO TRICOTADA PIGMENTADA TATEX BRANCA - KALIPSO (G),936,2388.204,7088.06,1.0,True,0.0,1
438125267,14069,LUVA DE ALGODÃO TRICOTADA PIGMENTADA TATEX MESCLADA KALIPSO - G (12 PARES),4,12.0,48,135.324,438125227,14804,LUVA DE ALGODÃO TRICOTADA PIGMENTADA TATEX MESCLADA - KALIPSO (G),48,135.324,2603.81,1.0,True,0.0,1
432141119,14045,LUVA DE ALGODÃO TRICOTADA PIGMENTADA TATEX PRETA KALIPSO - G (12 UNID),765,12.0,9180,21687.75,432140794,14106,LUVA DE ALGODÃO TRICOTADA PIGMENTADA TATEX PRETA - KALIPSO (G),9180,21687.75,37164.87,1.0,True,0.0,1
423616917,13406,LUVA DE ALGODÃO TRICOTADA PRETA SMART VOLK - G (12 UNID),2,12.0,24,31.18656,423615147,13405,LUVA DE ALGODÃO TRICOTADA PRETA SMART - VOLK (G),24,31.18656,9903.42,1.0,True,0.0,1
423048529,13386,LUVA DE ALGODÃO TRICOTADA SMART VOLK - G (12 UNID),0,12.0,0,0.0,423048412,13385,LUVA DE ALGODÃO TRICOTADA SMART - VOLK (G),0,0.0,9175.62,1.0,True,1.0,1
440679836,16216,LUVA DE LÁTEX AMARELA LVLAF IMBAT - G (12 PARES),66,12.0,792,2419.956,440679606,16212,LUVA DE LÁTEX AMARELA LVLAF - IMBAT (G),792,2419.956,5647.55,1.0,True,0.0,1
440679840,16217,LUVA DE LÁTEX AMARELA LVLAF IMBAT - GG (12 PARES),39,12.0,468,1429.974,440679609,16213,LUVA DE LÁTEX AMARELA LVLAF - IMBAT (GG),468,1429.974,2956.09,1.0,True,0.0,1
440679832,16215,LUVA DE LÁTEX AMARELA LVLAF IMBAT - M (12 PARES),121,12.0,1452,4436.586,440679601,16211,LUVA DE LÁTEX AMARELA LVLAF - IMBAT (M),1452,4436.586,6056.94,1.0,True,0.0,1
440679806,16214,LUVA DE LÁTEX AMARELA LVLAF IMBAT - P (12 PARES),26,12.0,312,953.316,440679479,16210,LUVA DE LÁTEX AMARELA LVLAF - IMBAT (P),312,953.316,1065.26,1.0,True,0.0,1
438376995,14925,LUVA DE LÁTEX AMARELA VE200 DELTA PLUS - G (12 PARES),45,12.0,540,2066.715,438258603,14848,LUVA DE LÁTEX AMARELA VE200 - DELTA PLUS (G),540,2066.715,4149.88,1.0,True,0.0,1
438376997,14926,LUVA DE LÁTEX AMARELA VE200 DELTA PLUS - GG (12 PARES),21,12.0,252,964.467,438258606,14849,LUVA DE LÁTEX AMARELA VE200 - DELTA PLUS (GG),252,964.467,1792.08,1.0,True,0.0,1
438376991,14924,LUVA DE LÁTEX AMARELA VE200 DELTA PLUS - M (12 PARES),15,12.0,180,688.905,438258600,14847,LUVA DE LÁTEX AMARELA VE200 - DELTA PLUS (M),188,719.523,2800.95,1.0,True,0.0425531914893617,1
438376958,14923,LUVA DE LÁTEX AMARELA VE200 DELTA PLUS - P (12 PARES),4,12.0,48,183.708,438258592,14846,LUVA DE LÁTEX AMARELA VE200 - DELTA PLUS (P),48,183.708,649.11,1.0,True,0.0,1
437975286,14724,LUVA DE LÁTEX AZUL LVLAZF IMBAT - G (12 PARES),38,12.0,456,1177.848,437975085,14720,LUVA DE LÁTEX AZUL LVLAZF - IMBAT (G),456,1393.308,7283.57,1.0,True,0.0,1
437975293,14725,LUVA DE LÁTEX AZUL LVLAZF IMBAT - GG (12 PARES),48,12.0,576,1487.808,437975089,14721,LUVA DE LÁTEX AZUL LVLAZF - IMBAT (GG),576,1759.968,2620.66,1.0,True,0.0,1
437975267,14723,LUVA DE LÁTEX AZUL LVLAZF IMBAT - M (12 PARES),32,12.0,384,991.872,437975067,14719,LUVA DE LÁTEX AZUL LVLAZF - IMBAT (M),384,1173.312,5352.45,1.0,True,0.0,1
437975260,14722,LUVA DE LÁTEX AZUL LVLAZF IMBAT - P (12 PARES),15,12.0,180,464.94,437974642,14718,LUVA DE LÁTEX AZUL LVLAZF - IMBAT (P),180,464.94,1772.74,1.0,True,0.0,1
423698964,13438,LUVA DE LÁTEX CORRUGADO GREEN SMART VOLK - G (12 UNID),0,12.0,0,0.0,423698906,13436,LUVA DE LÁTEX CORRUGADO GREEN SMART - VOLK (G),0,0.0,0.0,1.0,True,1.0,1
423699012,13439,LUVA DE LÁTEX CORRUGADO GREEN SMART VOLK - GG (12 UNID),1,12.0,12,68.04,423698915,13437,LUVA DE LÁTEX CORRUGADO GREEN SMART - VOLK (GG),12,68.04,0.0,1.0,True,0.0,1
412542200,12534,LUVA DE LATEX CORRUGADO GREEN VOLK - GG (12 UNID),0,12.0,0,0.0,412542066,12532,LUVA DE LATEX CORRUGADO GREEN - VOLK (GG),0,0.0,1057.08,1.0,True,1.0,1
438131572,14062,LUVA DE LÁTEX CORRUGADO GRIP BLUE FLEX KALIPSO - G (12 PARES),0,12.0,0,0.0,438131558,14815,LUVA DE LÁTEX CORRUGADO GRIP BLUE FLEX - KALIPSO (G),0,0.0,1174.88,1.0,True,1.0,1
438131574,14063,LUVA DE LÁTEX CORRUGADO GRIP BLUE FLEX KALIPSO - GG (12 PARES),0,12.0,0,0.0,438131561,14816,LUVA DE LÁTEX CORRUGADO GRIP BLUE FLEX - KALIPSO (GG),0,0.0,0.0,1.0,True,1.0,1
438131569,14061,LUVA DE LÁTEX CORRUGADO GRIP BLUE FLEX KALIPSO - M (12 PARES),0,12.0,0,0.0,438131554,14814,LUVA DE LÁTEX CORRUGADO GRIP BLUE FLEX - KALIPSO (M),0,0.0,0.0,1.0,True,1.0,1
438131567,14060,LUVA DE LÁTEX CORRUGADO GRIP BLUE FLEX KALIPSO - P (12 PARES),0,12.0,0,0.0,438131551,14813,LUVA DE LÁTEX CORRUGADO GRIP BLUE FLEX - KALIPSO (P),0,0.0,0.0,1.0,True,1.0,1
435986685,14556,LUVA DE LÁTEX E NEOPRENE ALPHATEC 87-224 ANSELL - G (12 UNID) ,0,12.0,0,0.0,435986590,14577,LUVA DE LÁTEX E NEOPRENE ALPHATEC 87-224 - ANSELL (G),0,0.0,0.0,1.0,True,1.0,1
435986692,14557,LUVA DE LÁTEX E NEOPRENE ALPHATEC 87-224 ANSELL - GG (12 UNID) ,0,12.0,0,0.0,435986593,14578,LUVA DE LÁTEX E NEOPRENE ALPHATEC 87-224 - ANSELL (GG),0,0.0,399.3,1.0,True,1.0,1
435986643,14555,LUVA DE LÁTEX E NEOPRENE ALPHATEC 87-224 ANSELL - M (12 UNID) ,0,12.0,0,0.0,435986586,14576,LUVA DE LÁTEX E NEOPRENE ALPHATEC 87-224 - ANSELL (M),0,0.0,199.65,1.0,True,1.0,1
435986636,14554,LUVA DE LÁTEX E NEOPRENE ALPHATEC 87-224 ANSELL - P (12 UNID) ,0,12.0,0,0.0,435985779,14575,LUVA DE LÁTEX E NEOPRENE ALPHATEC 87-224 - ANSELL (P),0,0.0,0.0,1.0,True,1.0,1
437974363,14708,LUVA DE LÁTEX E NEOPRENE BICOLOR LVNLB IMBAT - G (12 PARES),104,12.0,1248,9533.16,437973729,14704,LUVA DE LÁTEX E NEOPRENE BICOLOR LVNLB - IMBAT (G),1248,9533.16,15660.75,1.0,True,0.0,1
437974372,14709,LUVA DE LÁTEX E NEOPRENE BICOLOR LVNLB IMBAT - GG (12 PARES),39,12.0,468,3574.935,437973766,14705,LUVA DE LÁTEX E NEOPRENE BICOLOR LVNLB - IMBAT (GG),468,3574.935,11723.37,1.0,True,0.0,1
437974308,14707,LUVA DE LÁTEX E NEOPRENE BICOLOR LVNLB IMBAT - M (12 PARES),52,12.0,624,4766.58,437973549,14703,LUVA DE LÁTEX E NEOPRENE BICOLOR LVNLB - IMBAT (M),624,4766.58,16386.38,1.0,True,0.0,1
437973795,14706,LUVA DE LÁTEX E NEOPRENE BICOLOR LVNLB IMBAT - P (12 PARES),48,12.0,576,4399.92,437973325,14702,LUVA DE LÁTEX E NEOPRENE BICOLOR LVNLB - IMBAT (P),576,4399.92,6735.35,1.0,True,0.0,1
438132422,14076,LUVA DE LÁTEX E NEOPRENE NEOPREX KALIPSO - G (12 PARES),0,12.0,0,0.0,438132410,14819,LUVA DE LÁTEX E NEOPRENE NEOPREX - KALIPSO (G),0,0.0,2472.98,1.0,True,1.0,1
438132425,14077,LUVA DE LÁTEX E NEOPRENE NEOPREX KALIPSO - GG (12 PARES),6,12.0,72,669.06,438132415,14820,LUVA DE LÁTEX E NEOPRENE NEOPREX - KALIPSO (GG),72,669.06,2388.18,1.0,True,0.0,1
438132420,14075,LUVA DE LÁTEX E NEOPRENE NEOPREX KALIPSO - M (12 PARES),0,12.0,0,0.0,438132400,14818,LUVA DE LÁTEX E NEOPRENE NEOPREX - KALIPSO (M),0,0.0,0.0,1.0,True,1.0,1
438132418,14074,LUVA DE LÁTEX E NEOPRENE NEOPREX KALIPSO - P (12 PARES),0,12.0,0,0.0,438132337,14817,LUVA DE LÁTEX E NEOPRENE NEOPREX - KALIPSO (P),0,0.0,0.0,1.0,True,1.0,1
402848734,12196,LUVA DE LÁTEX NITRÍLICO SEM FORRO VERDE VOLK - M (12 UNID),23,12.0,276,2025.84,402848402,12192,LUVA DE LÁTEX NITRÍLICO SEM FORRO VERDE - VOLK (M),276,1972.84248,13578.65,1.0,True,0.0,1
440682843,16240,LUVA DE LÁTEX PRETA IMBATEX PRO LVLPF IMBAT - G (12 PARES),17,12.0,204,1153.467,440682736,16236,LUVA DE LÁTEX PRETA IMBATEX PRO LVLPF - IMBAT (G),204,1153.467,1244.0,1.0,True,0.0,1
440682849,16241,LUVA DE LÁTEX PRETA IMBATEX PRO LVLPF IMBAT - GG (12 PARES),23,12.0,276,1560.573,440682752,16237,LUVA DE LÁTEX PRETA IMBATEX PRO LVLPF - IMBAT (GG),276,1430.163,928.26,1.0,True,0.0,1
440682835,16238,LUVA DE LÁTEX PRETA IMBATEX PRO LVLPF IMBAT - GGG (12 PARES),15,12.0,180,1017.765,440682711,16234,LUVA DE LÁTEX PRETA IMBATEX PRO LVLPF - IMBAT (GGG),180,932.715,646.83,1.0,True,0.0,1
440682840,16239,LUVA DE LÁTEX PRETA IMBATEX PRO LVLPF IMBAT - M (12 PARES),9,12.0,108,610.659,440682718,16235,LUVA DE LÁTEX PRETA IMBATEX PRO LVLPF - IMBAT (M),108,610.659,222.15,1.0,True,0.0,1
439299730,15070,LUVA DE LÁTEX RANHURADA LVLRN - IMBAT - G (12 PARES),26,12.0,312,2972.97,439170251,15046,LUVA DE LÁTEX RANHURADA LVLRN - IMBAT (G),312,2972.97,4457.7,1.0,True,0.0,1
439299732,15071,LUVA DE LÁTEX RANHURADA LVLRN - IMBAT - GG (12 PARES),21,12.0,252,2401.245,439170254,15047,LUVA DE LÁTEX RANHURADA LVLRN - IMBAT (GG),252,2401.245,3131.72,1.0,True,0.0,1
439299728,15069,LUVA DE LÁTEX RANHURADA LVLRN - IMBAT - M (12 PARES),34,12.0,408,3887.73,439170243,15045,LUVA DE LÁTEX RANHURADA LVLRN - IMBAT (M),408,3206.574,3000.48,1.0,True,0.0,1
439299726,15068,LUVA DE LÁTEX RANHURADA LVLRN - IMBAT - P (12 PARES),21,12.0,252,2401.245,439170240,15044,LUVA DE LÁTEX RANHURADA LVLRN - IMBAT (P),252,2401.245,2212.6,1.0,True,0.0,1
440682647,16232,LUVA DE LÁTEX REFORÇADA LARANJA IMBATEX ULTRA LVLLF IMBAT - G (12 PARES),31,12.0,372,2923.641,440682384,16228,LUVA DE LÁTEX REFORÇADA LARANJA IMBATEX ULTRA LVLLF - IMBAT (G),372,2923.641,5031.53,1.0,True,0.0,1
440682664,16233,LUVA DE LÁTEX REFORÇADA LARANJA IMBATEX ULTRA LVLLF IMBAT - GG (12 PARES),9,12.0,108,848.799,440682394,16229,LUVA DE LÁTEX REFORÇADA LARANJA IMBATEX ULTRA LVLLF - IMBAT (GG),108,848.799,1316.2,1.0,True,0.0,1
440682625,16231,LUVA DE LÁTEX REFORÇADA LARANJA IMBATEX ULTRA LVLLF IMBAT - M (12 PARES),19,12.0,228,1791.909,440682370,16227,LUVA DE LÁTEX REFORÇADA LARANJA IMBATEX ULTRA LVLLF - IMBAT (M),228,1791.909,1610.78,1.0,True,0.0,1
440682477,16230,LUVA DE LÁTEX REFORÇADA LARANJA IMBATEX ULTRA LVLLF IMBAT - P (12 PARES),7,12.0,84,660.177,440682348,16226,LUVA DE LÁTEX REFORÇADA LARANJA IMBATEX ULTRA LVLLF - IMBAT (P),84,660.177,484.15,1.0,True,0.0,1
437978775,14732,LUVA DE LÁTEX VERDE LVLVF IMBAT - G (12 PARES),68,12.0,816,2493.288,437976721,14728,LUVA DE LÁTEX VERDE LVLVF - IMBAT (G),816,2493.288,8668.57,1.0,True,0.0,1
437978780,14733,LUVA DE LÁTEX VERDE LVLVF IMBAT - GG (12 PARES),17,12.0,204,623.322,437976776,14729,LUVA DE LÁTEX VERDE LVLVF - IMBAT (GG),204,623.322,1446.93,1.0,True,0.0,1
437978773,14731,LUVA DE LÁTEX VERDE LVLVF IMBAT - M (12 PARES),83,12.0,996,3043.278,437976686,14727,LUVA DE LÁTEX VERDE LVLVF - IMBAT (M),996,3043.278,6708.36,1.0,True,0.0,1
437977599,14730,LUVA DE LÁTEX VERDE LVLVF IMBAT - P (12 PARES),33,12.0,396,1209.978,437976421,14726,LUVA DE LÁTEX VERDE LVLVF - IMBAT (P),396,1209.978,1900.22,1.0,True,0.0,1
439298970,15062,LUVA DE LÁTEX VERNIZ SILVER AMARELA LVLAVS - IMBAT - G (12 PARES),61,12.0,732,3158.946,439170299,15058,LUVA DE LÁTEX VERNIZ SILVER AMARELA LVLAVS - IMBAT (G),732,3239.649,3772.42,1.0,True,0.0,1
439298975,15063,LUVA DE LÁTEX VERNIZ SILVER AMARELA LVLAVS - IMBAT - GG (12 PARES),18,12.0,216,932.148,439170302,15059,LUVA DE LÁTEX VERNIZ SILVER AMARELA LVLAVS - IMBAT (GG),216,955.962,199.39,1.0,True,0.0,1
439298961,15061,LUVA DE LÁTEX VERNIZ SILVER AMARELA LVLAVS - IMBAT - M (12 PARES),125,12.0,1500,6473.25,439170296,15057,LUVA DE LÁTEX VERNIZ SILVER AMARELA LVLAVS - IMBAT (M),1500,6638.625,6662.64,1.0,True,0.0,1
439298959,15060,LUVA DE LÁTEX VERNIZ SILVER AMARELA LVLAVS - IMBAT - P (12 PARES),94,12.0,1128,4867.884,439170293,15056,LUVA DE LÁTEX VERNIZ SILVER AMARELA LVLAVS - IMBAT (P),1128,4992.246,4570.52,1.0,True,0.0,1
439299252,15066,LUVA DE LÁTEX VERNIZ SILVER AZUL LVLAZVS - IMBAT - G (12 PARES),25,12.0,300,1294.65,439170281,15052,LUVA DE LÁTEX VERNIZ SILVER AZUL LVLAZVS - IMBAT (G),300,1327.725,2481.28,1.0,True,0.0,1
439299352,15067,LUVA DE LÁTEX VERNIZ SILVER AZUL LVLAZVS - IMBAT - GG (12 PARES),11,12.0,132,569.646,439170284,15053,LUVA DE LÁTEX VERNIZ SILVER AZUL LVLAZVS - IMBAT (GG),132,584.199,382.4,1.0,True,0.0,1
439299223,15065,LUVA DE LÁTEX VERNIZ SILVER AZUL LVLAZVS - IMBAT - M (12 PARES),22,12.0,264,1139.292,439170278,15051,LUVA DE LÁTEX VERNIZ SILVER AZUL LVLAZVS - IMBAT (M),264,1168.398,1770.27,1.0,True,0.0,1
439299199,15064,LUVA DE LÁTEX VERNIZ SILVER AZUL LVLAZVS - IMBAT - P (12 PARES),21,12.0,252,1087.506,439170275,15050,LUVA DE LÁTEX VERNIZ SILVER AZUL LVLAZVS - IMBAT (P),252,1115.289,1916.14,1.0,True,0.0,1
440683053,16248,LUVA DE LÁTEX VERNIZ SILVER VERDE LVLVVS IMBAT - G (12 PARES),26,12.0,312,1346.436,440682881,16244,LUVA DE LÁTEX VERNIZ SILVER VERDE LVLVVS - IMBAT (G),312,1346.436,510.75,1.0,True,0.0,1
440683058,16249,LUVA DE LÁTEX VERNIZ SILVER VERDE LVLVVS IMBAT - GG (12 PARES),24,12.0,288,1242.864,440682884,16245,LUVA DE LÁTEX VERNIZ SILVER VERDE LVLVVS - IMBAT (GG),288,1242.864,0.0,1.0,True,0.0,1
440683000,16247,LUVA DE LÁTEX VERNIZ SILVER VERDE LVLVVS IMBAT - M (12 PARES),24,12.0,288,1242.864,440682877,16243,LUVA DE LÁTEX VERNIZ SILVER VERDE LVLVVS - IMBAT (M),288,1242.864,0.0,1.0,True,0.0,1
440682903,16246,LUVA DE LÁTEX VERNIZ SILVER VERDE LVLVVS IMBAT - P (12 PARES),12,12.0,144,621.432,440682874,16242,LUVA DE LÁTEX VERNIZ SILVER VERDE LVLVVS - IMBAT (P),144,621.432,0.0,1.0,True,0.0,1
422956035,13365,LUVA DE POLIAMIDA COM BANHO NITRÍLICO NITRIL FULL SMART VOLK - G (12 UNID),3,12.0,36,194.4,422955471,13361,LUVA DE POLIAMIDA COM BANHO NITRÍLICO NITRIL FULL SMART - VOLK (G),44,237.6,0.0,1.0,True,0.18181818181818182,1
422956079,13366,LUVA DE POLIAMIDA COM BANHO NITRÍLICO NITRIL FULL SMART VOLK - GG (12 UNID),0,12.0,0,0.0,422955492,13362,LUVA DE POLIAMIDA COM BANHO NITRÍLICO NITRIL FULL SMART - VOLK (GG),0,0.0,0.0,1.0,True,1.0,1
422955827,13364,LUVA DE POLIAMIDA COM BANHO NITRÍLICO NITRIL FULL SMART VOLK - M (12 UNID),0,12.0,0,0.0,422955447,13360,LUVA DE POLIAMIDA COM BANHO NITRÍLICO NITRIL FULL SMART - VOLK (M),0,0.0,0.0,1.0,True,1.0,1
422955788,13363,LUVA DE POLIAMIDA COM BANHO NITRÍLICO NITRIL FULL SMART VOLK - P (12 UNID),0,12.0,0,0.0,422955353,13359,LUVA DE POLIAMIDA COM BANHO NITRÍLICO NITRIL FULL SMART - VOLK (P),0,0.0,0.0,1.0,True,1.0,1
432112919,14037,LUVA DE POLIAMIDA TÁTIL PU PRETA KALIPSO - G (12 UNID),298,12.0,3576,9856.35,432112828,14093,LUVA DE POLIAMIDA TÁTIL PU PRETA - KALIPSO (G) ,3587,9886.66875,34937.93,1.0,True,0.0030666294954000556,1
432112929,14038,LUVA DE POLIAMIDA TÁTIL PU PRETA KALIPSO - GG (12 UNID),53,12.0,636,1752.975,432112840,14094,LUVA DE POLIAMIDA TÁTIL PU PRETA - KALIPSO (GG) ,636,1752.975,14377.81,1.0,True,0.0,1
432112907,14036,LUVA DE POLIAMIDA TÁTIL PU PRETA KALIPSO - M (12 UNID),51,12.0,612,1686.825,432112802,14092,LUVA DE POLIAMIDA TÁTIL PU PRETA - KALIPSO (M) ,612,1686.825,10072.81,1.0,True,0.0,1
432112881,14035,LUVA DE POLIAMIDA TÁTIL PU PRETA KALIPSO - P (12 UNID),1,12.0,12,33.075,432112792,14091,LUVA DE POLIAMIDA TÁTIL PU PRETA - KALIPSO (P) ,12,33.075,975.81,1.0,True,0.0,1
422857432,13356,LUVA DE POLIAMIDA TÁTIL SMART VOLK - G (12 UNID),2831,12.0,33972,84250.56,422857192,13352,LUVA DE POLIAMIDA TÁTIL SMART - VOLK (G),33972,84250.56,285811.82,1.0,True,0.0,1
422857456,13357,LUVA DE POLIAMIDA TÁTIL SMART VOLK - GG (12 UNID),945,12.0,11340,28123.2,422857210,13353,LUVA DE POLIAMIDA TÁTIL SMART - VOLK (GG),11340,28123.2,89437.43,1.0,True,0.0,1
422857394,13355,LUVA DE POLIAMIDA TÁTIL SMART VOLK - M (12 UNID),1940,12.0,23280,57734.4,422857177,13351,LUVA DE POLIAMIDA TÁTIL SMART - VOLK (M),23280,57734.4,162997.49,1.0,True,0.0,1
422857328,13354,LUVA DE POLIAMIDA TÁTIL SMART VOLK - P (12 UNID),933,12.0,11196,27766.08,422857165,13350,LUVA DE POLIAMIDA TÁTIL SMART - VOLK (P),11196,27766.08,70223.77,1.0,True,0.0,1
435998468,14561,LUVA DE POLIÉSTER COM BANHO DE LÁTEX CORRUGADO EDGE 48-305 ANSELL - G (12 UNID),0,12.0,0,0.0,435998336,14586,LUVA DE POLIÉSTER COM BANHO DE LÁTEX CORRUGADO EDGE 48-305 - ANSELL (G),0,0.0,0.0,1.0,True,1.0,1
435998472,14562,LUVA DE POLIÉSTER COM BANHO DE LÁTEX CORRUGADO EDGE 48-305 ANSELL - GG (12 UNID),0,12.0,0,0.0,435998347,14587,LUVA DE POLIÉSTER COM BANHO DE LÁTEX CORRUGADO EDGE 48-305 - ANSELL (GG),0,0.0,1211.24,1.0,True,1.0,1
435998466,14560,LUVA DE POLIÉSTER COM BANHO DE LÁTEX CORRUGADO EDGE 48-305 ANSELL - M (12 UNID),0,12.0,0,0.0,435998317,14585,LUVA DE POLIÉSTER COM BANHO DE LÁTEX CORRUGADO EDGE 48-305 - ANSELL (M),0,0.0,976.8,1.0,True,1.0,1
435998458,14559,LUVA DE POLIÉSTER COM BANHO DE LÁTEX CORRUGADO EDGE 48-305 ANSELL - P (12 UNID),0,12.0,0,0.0,435998297,14584,LUVA DE POLIÉSTER COM BANHO DE LÁTEX CORRUGADO EDGE 48-305 - ANSELL (P),0,0.0,1176.42,1.0,True,1.0,1
436000813,14566,LUVA DE POLIÉSTER COM BANHO DE PU TÁTIL EDGE 48-123 ANSELL - G (12 UNID),0,12.0,0,0.0,436000500,14591,LUVA DE POLIÉSTER COM BANHO DE PU TÁTIL EDGE 48-123 - ANSELL (G),0,0.0,0.0,1.0,True,1.0,1
436000829,14567,LUVA DE POLIÉSTER COM BANHO DE PU TÁTIL EDGE 48-123 ANSELL - GG (12 UNID),9,12.0,108,464.3676,436000522,14592,LUVA DE POLIÉSTER COM BANHO DE PU TÁTIL EDGE 48-123 - ANSELL (GG),108,464.3676,105.47,1.0,True,0.0,1
436000831,14568,LUVA DE POLIÉSTER COM BANHO DE PU TÁTIL EDGE 48-123 ANSELL - GGG (12 UNID),0,12.0,0,0.0,436000536,14593,LUVA DE POLIÉSTER COM BANHO DE PU TÁTIL EDGE 48-123 - ANSELL (GGG),0,0.0,0.0,1.0,True,1.0,1
436000792,14565,LUVA DE POLIÉSTER COM BANHO DE PU TÁTIL EDGE 48-123 ANSELL - M (12 UNID),0,12.0,0,0.0,436000496,14590,LUVA DE POLIÉSTER COM BANHO DE PU TÁTIL EDGE 48-123 - ANSELL (M),0,0.0,0.0,1.0,True,1.0,1
436000770,14564,LUVA DE POLIÉSTER COM BANHO DE PU TÁTIL EDGE 48-123 ANSELL - P (12 UNID),5,12.0,60,257.982,436000488,14589,LUVA DE POLIÉSTER COM BANHO DE PU TÁTIL EDGE 48-123 - ANSELL (P),60,257.982,100.62,1.0,True,0.0,1
436000768,14563,LUVA DE POLIÉSTER COM BANHO DE PU TÁTIL EDGE 48-123 ANSELL - PP (12 UNID),0,12.0,0,0.0,436000469,14588,LUVA DE POLIÉSTER COM BANHO DE PU TÁTIL EDGE 48-123 - ANSELL (PP),0,0.0,0.0,1.0,True,1.0,1
437974541,14716,LUVA DE POLIÉSTER COM BANHO DE PU TÁTIL LVHPBPUP IMBAT - G (12 PARES),859,12.0,10308,26950.266,437974499,14712,LUVA DE POLIÉSTER COM BANHO DE PU TÁTIL LVHPBPUP - IMBAT (G),10308,26950.266,64450.54,1.0,True,0.0,1
437974544,14717,LUVA DE POLIÉSTER COM BANHO DE PU TÁTIL LVHPBPUP IMBAT - GG (12 PARES),233,12.0,2796,7310.142,437974503,14713,LUVA DE POLIÉSTER COM BANHO DE PU TÁTIL LVHPBPUP - IMBAT (GG),2801,7323.2145,23737.72,1.0,True,0.001785076758300607,1
437974538,14715,LUVA DE POLIÉSTER COM BANHO DE PU TÁTIL LVHPBPUP IMBAT - M (12 PARES),546,12.0,6552,17130.204,437974477,14711,LUVA DE POLIÉSTER COM BANHO DE PU TÁTIL LVHPBPUP - IMBAT (M),6552,17130.204,18117.71,1.0,True,0.0,1
437974530,14714,LUVA DE POLIÉSTER COM BANHO DE PU TÁTIL LVHPBPUP IMBAT - P (12 PARES),71,12.0,852,2227.554,437974461,14710,LUVA DE POLIÉSTER COM BANHO DE PU TÁTIL LVHPBPUP - IMBAT (P),852,2227.554,6452.47,1.0,True,0.0,1
438291340,14920,LUVA DE POLIÉSTER COM BANHO DE PU TÁTIL VE702PN DELTA PLUS G (12 PARES),21,12.0,252,913.3488,438291313,14915,LUVA DE POLIÉSTER COM BANHO DE PU TÁTIL VE702PN - DELTA PLUS (G),252,913.3488,2694.41,1.0,True,0.0,1
438291373,14921,LUVA DE POLIÉSTER COM BANHO DE PU TÁTIL VE702PN DELTA PLUS GG (12 PARES),13,12.0,156,565.4064,438291317,14916,LUVA DE POLIÉSTER COM BANHO DE PU TÁTIL VE702PN - DELTA PLUS (GG),156,565.4064,1464.93,1.0,True,0.0,1
438291338,14919,LUVA DE POLIÉSTER COM BANHO DE PU TÁTIL VE702PN DELTA PLUS M (12 PARES),4,12.0,48,173.9712,438291308,14914,LUVA DE POLIÉSTER COM BANHO DE PU TÁTIL VE702PN - DELTA PLUS (M),48,173.9712,1202.71,1.0,True,0.0,1
438291336,14918,LUVA DE POLIÉSTER COM BANHO DE PU TÁTIL VE702PN DELTA PLUS P (12 PARES),17,12.0,204,739.3776,438291301,14913,LUVA DE POLIÉSTER COM BANHO DE PU TÁTIL VE702PN - DELTA PLUS (P),204,739.3776,64.86,1.0,True,0.0,1
440684706,16273,LUVA DE POLIÉSTER COM BANHO NITRÍLICO 3/4 AMARELO LVSBNA IMBAT - G (12 PARES),9,12.0,108,887.922,440684659,16270,LUVA DE POLIÉSTER COM BANHO NITRÍLICO 3/4 AMARELO LVSBNA - IMBAT (G),108,887.922,98.66,1.0,True,0.0,1
440684708,16274,LUVA DE POLIÉSTER COM BANHO NITRÍLICO 3/4 AMARELO LVSBNA IMBAT - GG (12 PARES),6,12.0,72,591.948,440684662,16271,LUVA DE POLIÉSTER COM BANHO NITRÍLICO 3/4 AMARELO LVSBNA - IMBAT (GG),72,591.948,382.56,1.0,True,0.0,1
440684694,16272,LUVA DE POLIÉSTER COM BANHO NITRÍLICO 3/4 AMARELO LVSBNA IMBAT - M (12 PARES),9,12.0,108,887.922,440684656,16269,LUVA DE POLIÉSTER COM BANHO NITRÍLICO 3/4 AMARELO LVSBNA - IMBAT (M),108,887.922,1100.92,1.0,True,0.0,1
440685329,16285,LUVA DE POLIÉSTER COM BANHO NITRILÍCO AZUL WAVE NITRIL LVSBONAZ IMBAT - G (12 PARES),10,12.0,120,1088.64,440685223,16282,LUVA DE POLIÉSTER COM BANHO NITRILÍCO AZUL WAVE NITRIL LVSBONAZ - IMBAT (G),120,1088.64,1030.35,1.0,True,0.0,1
440685368,16286,LUVA DE POLIÉSTER COM BANHO NITRILÍCO AZUL WAVE NITRIL LVSBONAZ IMBAT - GG (12 PARES),27,12.0,324,2939.328,440685236,16283,LUVA DE POLIÉSTER COM BANHO NITRILÍCO AZUL WAVE NITRIL LVSBONAZ - IMBAT (GG),324,2939.328,1715.76,1.0,True,0.0,1
440685308,16284,LUVA DE POLIÉSTER COM BANHO NITRILÍCO AZUL WAVE NITRIL LVSBONAZ IMBAT - M (12 PARES),9,12.0,108,979.776,440685210,16281,LUVA DE POLIÉSTER COM BANHO NITRILÍCO AZUL WAVE NITRIL LVSBONAZ - IMBAT (M),108,979.776,103.99,1.0,True,0.0,1
438177571,14831,LUVA DE POLIÉSTER CONFORTATO KALIPSO - G (12 PARES),2,12.0,24,190.89,438177493,14828,LUVA DE POLIÉSTER CONFORTATO - KALIPSO (G),24,190.89,2740.71,1.0,True,0.0,1
438177577,14832,LUVA DE POLIÉSTER CONFORTATO KALIPSO - GG (12 PARES),3,12.0,36,286.335,438177533,14829,LUVA DE POLIÉSTER CONFORTATO - KALIPSO (GG),36,286.335,1218.56,1.0,True,0.0,1
438177569,14830,LUVA DE POLIÉSTER CONFORTATO KALIPSO - M (12 PARES),0,12.0,0,0.0,438177481,14827,LUVA DE POLIÉSTER CONFORTATO - KALIPSO (M),0,0.0,0.0,1.0,True,1.0,1
440684058,16261,LUVA DE POLIÉSTER EMBORRACHADA VULCANIZADA PREVINTEX PESADA LVABLVAZ IMBAT - G (12 PARES),19,12.0,228,1953.504,440684013,16258,LUVA DE POLIÉSTER EMBORRACHADA VULCANIZADA PREVINTEX PESADA LVABLVAZ - IMBAT (G),228,1953.504,3235.81,1.0,True,0.0,1
440684062,16262,LUVA DE POLIÉSTER EMBORRACHADA VULCANIZADA PREVINTEX PESADA LVABLVAZ IMBAT - GG (12 PARES),7,12.0,84,719.712,440684017,16259,LUVA DE POLIÉSTER EMBORRACHADA VULCANIZADA PREVINTEX PESADA LVABLVAZ - IMBAT (GG),84,719.712,1316.67,1.0,True,0.0,1
440684051,16260,LUVA DE POLIÉSTER EMBORRACHADA VULCANIZADA PREVINTEX PESADA LVABLVAZ IMBAT - M (12 PARES),8,12.0,96,822.528,440684005,16257,LUVA DE POLIÉSTER EMBORRACHADA VULCANIZADA PREVINTEX PESADA LVABLVAZ - IMBAT (M),96,822.528,198.39,1.0,True,0.0,1
440684441,16267,LUVA DE POLIÉSTER EMBORRACHADA VULCANIZADA VULCANO BLACK LVABLVD IMBAT - G (12 PARES),16,12.0,192,1920.0,440684256,16264,LUVA DE POLIÉSTER EMBORRACHADA VULCANIZADA VULCANO BLACK LVABLVD - IMBAT (G),192,1920.0,490.31,1.0,True,0.0,1
440684447,16268,LUVA DE POLIÉSTER EMBORRACHADA VULCANIZADA VULCANO BLACK LVABLVD IMBAT - GG (12 PARES),10,12.0,120,1200.0,440684345,16265,LUVA DE POLIÉSTER EMBORRACHADA VULCANIZADA VULCANO BLACK LVABLVD - IMBAT (GG),120,1200.0,0.0,1.0,True,0.0,1
440684438,16266,LUVA DE POLIÉSTER EMBORRACHADA VULCANIZADA VULCANO BLACK LVABLVD IMBAT - M (12 PARES),10,12.0,120,1200.0,440684078,16263,LUVA DE POLIÉSTER EMBORRACHADA VULCANIZADA VULCANO BLACK LVABLVD - IMBAT (M),120,1200.0,0.0,1.0,True,0.0,1
419372580,13296,LUVA DE POLIÉSTER GRIP COMFORT PLUS VOLK - G (12 UNID),0,12.0,0,0.0,419372505,13292,LUVA DE POLIÉSTER GRIP COMFORT PLUS - VOLK (G),0,0.0,4522.1,1.0,True,1.0,1
419372587,13297,LUVA DE POLIÉSTER GRIP COMFORT PLUS VOLK - GG (12 UNID),6,12.0,72,660.96,419372516,13293,LUVA DE POLIÉSTER GRIP COMFORT PLUS - VOLK (GG),72,660.96,2578.34,1.0,True,0.0,1
419372573,13295,LUVA DE POLIÉSTER GRIP COMFORT PLUS VOLK - M (12 UNID),2,12.0,24,220.32,419372495,13291,LUVA DE POLIÉSTER GRIP COMFORT PLUS - VOLK (M),24,220.32,0.0,1.0,True,0.0,1
419372561,13294,LUVA DE POLIÉSTER GRIP COMFORT PLUS VOLK - P (12 UNID),3,12.0,36,330.48,419372485,13290,LUVA DE POLIÉSTER GRIP COMFORT PLUS - VOLK (P),36,330.48,0.0,1.0,True,0.0,1
418942497,13209,LUVA DE POLIÉSTER TRICOTADA PIGMENTADA FIT VOLK - G (12 UNID),17,12.0,204,588.693,418942476,13206,LUVA DE POLIÉSTER TRICOTADA PIGMENTADA FIT - VOLK (G),204,588.693,1259.86,1.0,True,0.0,1
418942503,13210,LUVA DE POLIÉSTER TRICOTADA PIGMENTADA FIT VOLK - GG (12 UNID),24,12.0,288,831.096,418942484,13207,LUVA DE POLIÉSTER TRICOTADA PIGMENTADA FIT - VOLK (GG),288,831.096,1519.11,1.0,True,0.0,1
418942492,13208,LUVA DE POLIÉSTER TRICOTADA PIGMENTADA FIT VOLK - M (12 UNID),23,12.0,276,796.467,418942464,13205,LUVA DE POLIÉSTER TRICOTADA PIGMENTADA FIT - VOLK (M),276,796.467,636.5,1.0,True,0.0,1
438287245,14894,LUVA DE PVC PALMA ÁSPERA PUNHO 26 CM LVPVC26 IMBAT - G (12 PARES),11,12.0,132,1403.86092,438287241,14893,LUVA DE PVC PALMA ÁSPERA PUNHO 26 CM LVPVC26 - IMBAT (G),132,1403.86092,12811.87,1.0,True,0.0,1
423055967,13391,LUVA DE PVC PALMA ASPERA PUNHO 26 CM SMART VOLK - G (12 UNID),225,12.0,2700,30294.0,423055918,13389,LUVA DE PVC PALMA ASPERA PUNHO 26 CM SMART - VOLK (G),2708,29487.11412,48585.96,1.0,True,0.0029542097488921715,1
423055973,13392,LUVA DE PVC PALMA ASPERA PUNHO 26 CM SMART VOLK - GG (12 UNID),35,12.0,420,4712.4,423055951,13390,LUVA DE PVC PALMA ASPERA PUNHO 26 CM SMART - VOLK (GG),420,4573.3548,19367.14,1.0,True,0.0,1
432175515,14048,LUVA DE PVC PALMA ÁSPERA PUNHO 27 CM KALIPSO - G (12 UNID),31,12.0,372,3811.13256,432175492,14116,LUVA DE PVC PALMA ÁSPERA PUNHO 27 CM - KALIPSO (G),372,3811.13256,16257.61,1.0,True,0.0,1
432173241,14049,LUVA DE PVC PALMA ÁSPERA PUNHO 35 CM KALIPSO - G (12 UNID),20,12.0,240,3417.12,432175492,14116,LUVA DE PVC PALMA ÁSPERA PUNHO 27 CM - KALIPSO (G),372,3811.13256,16257.61,1.0,False,0.3548387096774194,3
438287194,14892,LUVA DE PVC PALMA ÁSPERA PUNHO 36 CM LVPVC36 IMBAT - G (12 PARES),51,12.0,612,10270.66968,438287189,14891,LUVA DE PVC PALMA ÁSPERA PUNHO 36 CM LVPVC36 - IMBAT (G),612,9753.22368,18812.3,1.0,True,0.0,1
423659299,13417,LUVA DE PVC PALMA ASPERA PUNHO 36 CM SMART VOLK - G (12 UNID),137,12.0,1644,22227.58692,423055918,13389,LUVA DE PVC PALMA ASPERA PUNHO 26 CM SMART - VOLK (G),2708,29487.11412,48585.96,1.0,False,0.3929098966026588,3
423659323,13418,LUVA DE PVC PALMA ASPERA PUNHO 36 CM SMART VOLK - GG (12 UNID),43,12.0,516,6976.54188,423055951,13390,LUVA DE PVC PALMA ASPERA PUNHO 26 CM SMART - VOLK (GG),420,4573.3548,19367.14,1.0,True,0.18604651162790697,1
438287055,14890,LUVA DE PVC PALMA ÁSPERA PUNHO 46 CM LVPVC46 IMBAT - G (12 PARES),46,12.0,552,10673.13528,438287028,14889,LUVA DE PVC PALMA ÁSPERA PUNHO 46 CM LVPVC46 - IMBAT (G),552,10143.53544,21398.28,1.0,True,0.0,1
431147323,13907,LUVA DE PVC PALMA ÁSPERA PUNHO 46 CM SMART VOLK - G (12 UNID),14,12.0,168,3135.28992,423055918,13389,LUVA DE PVC PALMA ASPERA PUNHO 26 CM SMART - VOLK (G),2708,29487.11412,48585.96,1.0,False,0.9379615952732644,3
431147334,13908,LUVA DE PVC PALMA ÁSPERA PUNHO 46 CM SMART VOLK - GG (12 UNID),15,12.0,180,3359.2392,423055951,13390,LUVA DE PVC PALMA ASPERA PUNHO 26 CM SMART - VOLK (GG),420,4573.3548,19367.14,1.0,False,0.5714285714285714,3
399177909,11963,LUVA DE RASPA PETROLEIRA 7 CM MEGAFORTE - G (10 UNID),36,10.0,360,3748.14,209856397,11398,LUVA DE RASPA PETROLEIRA - MEGAFORTE (7 CM),360,3748.14,86182.92,1.0,True,0.0,1
439798997,16132,LUVA DE RASPA PETROLEIRA COM PUNHO DE 15 CM - IMBAT - G (10 PARES),5,10.0,50,936.5,439798688,16128,LUVA DE RASPA PETROLEIRA COM PUNHO DE 15 CM - IMBAT (G),50,936.5,5631.24,1.0,True,0.0,1
439799095,16133,LUVA DE RASPA PETROLEIRA COM PUNHO DE 15 CM - IMBAT - GG (10 PARES),0,10.0,0,0.0,439798702,16129,LUVA DE RASPA PETROLEIRA COM PUNHO DE 15 CM - IMBAT (GG),0,0.0,0.0,1.0,True,1.0,1
439798982,16131,LUVA DE RASPA PETROLEIRA COM PUNHO DE 15 CM - IMBAT - M (10 PARES),0,10.0,0,0.0,439798685,16127,LUVA DE RASPA PETROLEIRA COM PUNHO DE 15 CM - IMBAT (M),0,0.0,0.0,1.0,True,1.0,1
439798766,16130,LUVA DE RASPA PETROLEIRA COM PUNHO DE 15 CM - IMBAT - P (10 PARES),0,10.0,0,0.0,439798682,16126,LUVA DE RASPA PETROLEIRA COM PUNHO DE 15 CM - IMBAT (P),0,0.0,0.0,1.0,True,1.0,1
439799604,16140,LUVA DE RASPA PETROLEIRA COM PUNHO DE 20 CM - IMBAT - G (10 PARES),24,10.0,240,4999.2,439798688,16128,LUVA DE RASPA PETROLEIRA COM PUNHO DE 15 CM - IMBAT (G),50,936.5,5631.24,1.0,False,0.7916666666666666,3
439799612,16141,LUVA DE RASPA PETROLEIRA COM PUNHO DE 20 CM - IMBAT - GG (10 PARES),0,10.0,0,0.0,439798702,16129,LUVA DE RASPA PETROLEIRA COM PUNHO DE 15 CM - IMBAT (GG),0,0.0,0.0,1.0,True,1.0,1
439799589,16139,LUVA DE RASPA PETROLEIRA COM PUNHO DE 20 CM - IMBAT - M (10 PARES),0,10.0,0,0.0,439798685,16127,LUVA DE RASPA PETROLEIRA COM PUNHO DE 15 CM - IMBAT (M),0,0.0,0.0,1.0,True,1.0,1
439799520,16138,LUVA DE RASPA PETROLEIRA COM PUNHO DE 20 CM - IMBAT - P (10 PARES),0,10.0,0,0.0,439798682,16126,LUVA DE RASPA PETROLEIRA COM PUNHO DE 15 CM - IMBAT (P),0,0.0,0.0,1.0,True,1.0,1
439798597,16124,LUVA DE RASPA PETROLEIRA COM PUNHO DE 7 CM – IMBAT - G (10 PARES),13,10.0,130,1748.5,439798688,16128,LUVA DE RASPA PETROLEIRA COM PUNHO DE 15 CM - IMBAT (G),50,936.5,5631.24,1.0,False,0.6153846153846154,3
439798605,16125,LUVA DE RASPA PETROLEIRA COM PUNHO DE 7 CM – IMBAT - GG (10 PARES),0,10.0,0,0.0,439798702,16129,LUVA DE RASPA PETROLEIRA COM PUNHO DE 15 CM - IMBAT (GG),0,0.0,0.0,1.0,True,1.0,1
439798586,16123,LUVA DE RASPA PETROLEIRA COM PUNHO DE 7 CM – IMBAT - M (10 PARES),0,10.0,0,0.0,439798685,16127,LUVA DE RASPA PETROLEIRA COM PUNHO DE 15 CM - IMBAT (M),0,0.0,0.0,1.0,True,1.0,1
439798076,16122,LUVA DE RASPA PETROLEIRA COM PUNHO DE 7 CM – IMBAT - P (10 PARES),0,10.0,0,0.0,439798682,16126,LUVA DE RASPA PETROLEIRA COM PUNHO DE 15 CM - IMBAT (P),0,0.0,0.0,1.0,True,1.0,1
439800612,16156,LUVA DE VAQUETA PETROLEIRA - IMBAT - G (12 PARES),102,12.0,1224,20196.0,439800586,16152,LUVA DE VAQUETA PETROLEIRA - IMBAT (G),1224,20196.0,20748.0,1.0,True,0.0,1
439800615,16157,LUVA DE VAQUETA PETROLEIRA - IMBAT - GG (12 PARES),0,12.0,0,0.0,439800599,16153,LUVA DE VAQUETA PETROLEIRA - IMBAT (GG),0,0.0,0.0,1.0,True,1.0,1
439800606,16155,LUVA DE VAQUETA PETROLEIRA - IMBAT - M (12 PARES),0,12.0,0,0.0,439800582,16151,LUVA DE VAQUETA PETROLEIRA - IMBAT (M),0,0.0,0.0,1.0,True,1.0,1
439800603,16154,LUVA DE VAQUETA PETROLEIRA - IMBAT - P (12 PARES),0,12.0,0,0.0,439800576,16150,LUVA DE VAQUETA PETROLEIRA - IMBAT (P),0,0.0,0.0,1.0,True,1.0,1
432148605,14051,LUVA EMBORRACHADA BLUE GRIP KALIPSO - G (12 UNID) ,7,12.0,84,726.327,432148330,14108,LUVA EMBORRACHADA BLUE GRIP - KALIPSO (G) ,84,726.327,2244.69,1.0,True,0.0,1
432148915,14052,LUVA EMBORRACHADA BLUE GRIP KALIPSO - GG (12 UNID) ,0,12.0,0,0.0,432148372,14109,LUVA EMBORRACHADA BLUE GRIP - KALIPSO (GG) ,0,0.0,0.0,1.0,True,1.0,1
432148489,14050,LUVA EMBORRACHADA BLUE GRIP KALIPSO - M (12 UNID) ,2,12.0,24,207.522,432148249,14107,LUVA EMBORRACHADA BLUE GRIP - KALIPSO (M) ,24,207.522,504.94,1.0,True,0.0,1
437994998,14748,LUVA EMBORRACHADA LARANJA LVABLVA IMBAT - G (12 PARES),45,12.0,540,4541.67,437994910,14745,LUVA EMBORRACHADA LARANJA LVABLVA - IMBAT (G),540,4541.67,15401.93,1.0,True,0.0,1
437995001,14749,LUVA EMBORRACHADA LARANJA LVABLVA IMBAT - GG (12 PARES),28,12.0,336,2825.928,437994940,14746,LUVA EMBORRACHADA LARANJA LVABLVA - IMBAT (GG),336,2825.928,5730.15,1.0,True,0.0,1
437994948,14747,LUVA EMBORRACHADA LARANJA LVABLVA IMBAT - M (12 PARES),16,12.0,192,1614.816,437994886,14744,LUVA EMBORRACHADA LARANJA LVABLVA - IMBAT (M),192,1614.816,2055.91,1.0,True,0.0,1
423055794,13388,LUVA EMBORRACHADA ORANGE SMART VOLK - GG (12 UNID),258,12.0,3096,21676.67496,423055763,13387,LUVA EMBORRACHADA ORANGE SMART - VOLK (GG),3096,21676.67496,73924.04,1.0,True,0.0,1
399145530,11929,LUVA EMBORRACHADA ORANGE VOLK - G (12 UNID),551,12.0,6612,53491.08,292740880,11456,LUVA EMBORRACHADA ORANGE - VOLK (G),6612,53491.08,215942.07,1.0,True,0.0,1
399145534,11930,LUVA EMBORRACHADA ORANGE VOLK - GG (12 UNID),185,12.0,2220,17959.8,397091756,11897,LUVA EMBORRACHADA ORANGE - VOLK (GG),2220,17959.8,68113.12,1.0,True,0.0,1
399145301,11928,LUVA EMBORRACHADA ORANGE VOLK - M (12 UNID),123,12.0,1476,11940.84,397091746,11896,LUVA EMBORRACHADA ORANGE - VOLK (M),1476,11940.84,28407.4,1.0,True,0.0,1
438129473,14058,LUVA EMBORRACHADA RED GRIP KALIPSO - G (12 PARES),12,12.0,144,1247.4,438129461,14811,LUVA EMBORRACHADA RED GRIP - KALIPSO (G),144,1247.4,5324.36,1.0,True,0.0,1
438129475,14059,LUVA EMBORRACHADA RED GRIP KALIPSO - GG (12 PARES),0,12.0,0,0.0,438129466,14812,LUVA EMBORRACHADA RED GRIP - KALIPSO (GG),0,0.0,327.22,1.0,True,1.0,1
438129469,14057,LUVA EMBORRACHADA RED GRIP KALIPSO - M (12 PARES),0,12.0,0,0.0,438129444,14810,LUVA EMBORRACHADA RED GRIP - KALIPSO (M),0,0.0,2051.47,1.0,True,1.0,1
437621711,14664,LUVA EMBORRACHADA RUBBER 1012 SUPER SAFETY - GG (12 UNID),181,12.0,2172,17788.68,437621642,14663,LUVA EMBORRACHADA RUBBER 1012 - SUPER SAFETY (GG),2178,17837.82,35095.6,1.0,True,0.0027548209366391185,1
438289564,14902,LUVA EMBORRACHADA VE799 DELTA PLUS - G (12 PARES),12,12.0,144,1664.712,438289085,14900,LUVA EMBORRACHADA VE799 - DELTA PLUS (G),154,1780.317,1974.71,1.0,True,0.06493506493506493,1
438289720,14903,LUVA EMBORRACHADA VE799 DELTA PLUS - GG (12 PARES),6,12.0,72,832.356,438289202,14901,LUVA EMBORRACHADA VE799 - DELTA PLUS (GG),72,832.356,2174.64,1.0,True,0.0,1
432132697,14055,LUVA LÁTEX AMARELA KALIPSO - G (12 UNID) ,48,12.0,576,1905.12,432131824,14104,LUVA LÁTEX AMARELA - KALIPSO (G) ,576,1905.12,7718.62,1.0,True,0.0,1
432132961,14056,LUVA LÁTEX AMARELA KALIPSO - GG (12 UNID) ,16,12.0,192,635.04,432131991,14105,LUVA LÁTEX AMARELA - KALIPSO (GG) ,192,635.04,2270.39,1.0,True,0.0,1
432132582,14054,LUVA LÁTEX AMARELA KALIPSO - M (12 UNID) ,5,12.0,60,198.45,432131023,14103,LUVA LÁTEX AMARELA - KALIPSO (M) ,60,198.45,5067.15,1.0,True,0.0,1
432132418,14053,LUVA LÁTEX AMARELA KALIPSO - P (12 UNID) ,5,12.0,60,198.45,432130958,14102,LUVA LÁTEX AMARELA - KALIPSO (P) ,60,198.45,1316.22,1.0,True,0.0,1
438129284,14072,LUVA LÁTEX LIGHT AMARELA KALIPSO - G (12 PARES),43,12.0,516,1495.368,438129091,14808,LUVA LÁTEX LIGHT AMARELA - KALIPSO (G),516,1495.368,6133.46,1.0,True,0.0,1
438129286,14073,LUVA LÁTEX LIGHT AMARELA KALIPSO - GG (12 PARES),19,12.0,228,660.744,438129094,14809,LUVA LÁTEX LIGHT AMARELA - KALIPSO (GG),228,660.744,2336.09,1.0,True,0.0,1
438129255,14071,LUVA LÁTEX LIGHT AMARELA KALIPSO - M (12 PARES),32,12.0,384,1112.832,438129087,14807,LUVA LÁTEX LIGHT AMARELA - KALIPSO (M),384,1112.832,9019.75,1.0,True,0.0,1
438129128,14070,LUVA LÁTEX LIGHT AMARELA KALIPSO - P (12 PARES),16,12.0,192,556.416,438129081,14806,LUVA LÁTEX LIGHT AMARELA - KALIPSO (P),192,556.416,3185.86,1.0,True,0.0,1
399179623,11979,LUVA LATEX NEOPRENE SUPER SAFETY - GG (12 UNID),0,12.0,0,0.0,383641036,11656,LUVA LATEX  NEOPRENE - SUPER SAFETY (GG),0,0.0,0.0,1.0,True,1.0,1
399179557,11977,LUVA LATEX NEOPRENE SUPER SAFETY - M (12 UNID),0,12.0,0,0.0,383641028,11654,LUVA LATEX  NEOPRENE - SUPER SAFETY (M),0,0.0,0.0,1.0,True,1.0,1
439800080,16148,LUVA MISTA VAQUETA E RASPA PETROLEIRA - IMBAT - G (12 PARES),100,12.0,1200,17664.0,439799859,16144,LUVA MISTA VAQUETA E RASPA PETROLEIRA - IMBAT (G),1200,17664.0,19209.77,1.0,True,0.0,1
439800144,16149,LUVA MISTA VAQUETA E RASPA PETROLEIRA - IMBAT - GG (12 PARES),0,12.0,0,0.0,439799934,16145,LUVA MISTA VAQUETA E RASPA PETROLEIRA - IMBAT (GG),0,0.0,0.0,1.0,True,1.0,1
439800032,16147,LUVA MISTA VAQUETA E RASPA PETROLEIRA - IMBAT - M (12 PARES),0,12.0,0,0.0,439799856,16143,LUVA MISTA VAQUETA E RASPA PETROLEIRA - IMBAT (M),0,0.0,0.0,1.0,True,1.0,1
439799953,16146,LUVA MISTA VAQUETA E RASPA PETROLEIRA - IMBAT - P (12 PARES),0,12.0,0,0.0,439799824,16142,LUVA MISTA VAQUETA E RASPA PETROLEIRA - IMBAT (P),0,0.0,0.0,1.0,True,1.0,1
437989371,14740,LUVA NITRÍLICA COM FORRO VERDE LVNVF IMBAT - G (12 PARES),0,12.0,0,0.0,437978848,14736,LUVA NITRÍLICA COM FORRO VERDE LVNVF - IMBAT (G),0,0.0,8073.19,1.0,True,1.0,1
437989374,14741,LUVA NITRÍLICA COM FORRO VERDE LVNVF IMBAT - GG (12 PARES),0,12.0,0,0.0,437978851,14737,LUVA NITRÍLICA COM FORRO VERDE LVNVF - IMBAT (GG),0,0.0,4336.67,1.0,True,1.0,1
437989369,14739,LUVA NITRÍLICA COM FORRO VERDE LVNVF IMBAT - M (12 PARES),29,12.0,348,2197.881,437978844,14735,LUVA NITRÍLICA COM FORRO VERDE LVNVF - IMBAT (M),348,2197.881,4958.93,1.0,True,0.0,1
437978925,14738,LUVA NITRÍLICA COM FORRO VERDE LVNVF IMBAT - P (12 PARES),21,12.0,252,1591.569,437978841,14734,LUVA NITRÍLICA COM FORRO VERDE LVNVF - IMBAT (P),252,1591.569,2790.06,1.0,True,0.0,1
438291044,14910,LUVA NITRILICA COM FORRO VERDE NITREX VE801 DELTA PLUS  - G (12 PARES),10,12.0,120,973.35,438291004,14906,LUVA NITRILICA COM FORRO VERDE NITREX VE801 - DELTA PLUS (G),120,973.35,2660.44,1.0,True,0.0,1
438291053,14911,LUVA NITRILICA COM FORRO VERDE NITREX VE801 DELTA PLUS  - GG (12 PARES),4,12.0,48,389.34,438291007,14907,LUVA NITRILICA COM FORRO VERDE NITREX VE801 - DELTA PLUS (GG),48,389.34,1192.25,1.0,True,0.0,1
438291042,14909,LUVA NITRILICA COM FORRO VERDE NITREX VE801 DELTA PLUS  - M (12 PARES),5,12.0,60,486.675,438291001,14905,LUVA NITRILICA COM FORRO VERDE NITREX VE801 - DELTA PLUS (M),60,486.675,870.97,1.0,True,0.0,1
438291013,14908,LUVA NITRILICA COM FORRO VERDE NITREX VE801 DELTA PLUS  - P (12 PARES),5,12.0,60,486.675,438290980,14904,LUVA NITRILICA COM FORRO VERDE NITREX VE801 - DELTA PLUS (P),60,486.675,347.03,1.0,True,0.0,1
432115170,14042,LUVA NITRÍLICA COM FORRO VERDE NITRILI-KA 10 KALIPSO - G (12 UNID),124,12.0,1488,11647.692,432115107,14099,LUVA NITRÍLICA COM FORRO VERDE NITRILI-KA 10 - KALIPSO (G),1496,11710.314,5608.52,1.0,True,0.0053475935828877,1
432115177,14043,LUVA NITRÍLICA COM FORRO VERDE NITRILI-KA 10 KALIPSO - GG (12 UNID),30,12.0,360,2817.99,432115117,14100,LUVA NITRÍLICA COM FORRO VERDE NITRILI-KA 10 - KALIPSO (GG),360,2817.99,11433.67,1.0,True,0.0,1
432115158,14041,LUVA NITRÍLICA COM FORRO VERDE NITRILI-KA 10 KALIPSO - M (12 UNID),0,12.0,0,0.0,432115095,14098,LUVA NITRÍLICA COM FORRO VERDE NITRILI-KA 10 - KALIPSO (M),0,0.0,4503.15,1.0,True,1.0,1
432115149,14040,LUVA NITRÍLICA COM FORRO VERDE NITRILI-KA 10 KALIPSO - P (12 UNID),9,12.0,108,845.397,432115065,14097,LUVA NITRÍLICA COM FORRO VERDE NITRILI-KA 10 - KALIPSO (P),108,845.397,2153.06,1.0,True,0.0,1
425754337,13635,LUVA NITRÍLICA COM PUNHO DE LONA NITRILI-KA35 KALIPSO - G (12 UNID),11,12.0,132,1623.6,425754308,13632,LUVA NITRÍLICA COM PUNHO DE LONA NITRILI-KA35 - KALIPSO (G),132,1623.6,5752.77,1.0,True,0.0,1
425754343,13636,LUVA NITRÍLICA COM PUNHO DE LONA NITRILI-KA35 KALIPSO - GG (12 UNID),26,12.0,312,3837.6,425754318,13633,LUVA NITRÍLICA COM PUNHO DE LONA NITRILI-KA35 - KALIPSO (GG),312,3837.6,9300.24,1.0,True,0.0,1
425754328,13634,LUVA NITRÍLICA COM PUNHO DE LONA NITRILI-KA35 KALIPSO - M (12 UNID),2,12.0,24,295.2,425754296,13631,LUVA NITRÍLICA COM PUNHO DE LONA NITRILI-KA35 - KALIPSO (M),24,295.2,590.47,1.0,True,0.0,1
432221474,13963,LUVA NITRÍLICA COM PUNHO DE MALHA LIGHTFLEX 3/4 DA25500 DANNY - G (12 UNID) ,42,12.0,504,5842.368,432220910,14126,LUVA NITRÍLICA COM PUNHO DE MALHA LIGHTFLEX 3/4 DA25500 - DANNY (G) ,504,5842.368,6896.57,1.0,True,0.0,1
432221609,13964,LUVA NITRÍLICA COM PUNHO DE MALHA LIGHTFLEX 3/4 DA25500 DANNY - GG (12 UNID) ,14,12.0,168,1947.456,432221212,14127,LUVA NITRÍLICA COM PUNHO DE MALHA LIGHTFLEX 3/4 DA25500 - DANNY (GG) ,168,1947.456,2979.1,1.0,True,0.0,1
440684992,16279,LUVA NITRÍLICA COM PUNHO DE MALHA LVSBNAZ IMBAT - G (12 PARES),28,12.0,336,3175.2,440684818,16276,LUVA NITRÍLICA COM PUNHO DE MALHA LVSBNAZ - IMBAT (G),336,3175.2,7796.62,1.0,True,0.0,1
440685010,16280,LUVA NITRÍLICA COM PUNHO DE MALHA LVSBNAZ IMBAT - GG (12 PARES),31,12.0,372,3515.4,440684821,16277,LUVA NITRÍLICA COM PUNHO DE MALHA LVSBNAZ - IMBAT (GG),372,3515.4,5118.26,1.0,True,0.0,1
440684971,16278,LUVA NITRÍLICA COM PUNHO DE MALHA LVSBNAZ IMBAT - M (12 PARES),4,12.0,48,453.6,440684815,16275,LUVA NITRÍLICA COM PUNHO DE MALHA LVSBNAZ - IMBAT (M),48,453.6,673.11,1.0,True,0.0,1
432164020,14089,LUVA NITRÍLICA COM PUNHO DE MALHA NITRILI-KA30 KALIPSO - G (12UNID) ,1,12.0,12,158.949,432163680,14111,LUVA NITRÍLICA COM PUNHO DE MALHA NITRILI-KA30 - KALIPSO (G) ,12,158.949,1382.52,1.0,True,0.0,1
432164089,14090,LUVA NITRÍLICA COM PUNHO DE MALHA NITRILI-KA30 KALIPSO - GG (12UNID) ,6,12.0,72,953.694,432163738,14112,LUVA NITRÍLICA COM PUNHO DE MALHA NITRILI-KA30 - KALIPSO (GG) ,72,953.694,467.55,1.0,True,0.0,1
432163912,14088,LUVA NITRÍLICA COM PUNHO DE MALHA NITRILI-KA30 KALIPSO - M (12UNID) ,8,12.0,96,1271.592,432163634,14110,LUVA NITRÍLICA COM PUNHO DE MALHA NITRILI-KA30 - KALIPSO (M) ,96,1271.592,0.0,1.0,True,0.0,1
425754023,13629,LUVA NITRILICA NBR WAVE KALIPSO - G (12 UNID),244,12.0,2928,18123.588,425753931,13625,LUVA NITRILICA NBR WAVE - KALIPSO (G),2931,18142.15725,56498.26,1.0,True,0.0010235414534288639,1
425754035,13630,LUVA NITRILICA NBR WAVE KALIPSO - GG (12 UNID),44,12.0,528,3268.188,425753940,13626,LUVA NITRILICA NBR WAVE - KALIPSO (GG),537,3323.89575,9757.89,1.0,True,0.01675977653631285,1
425754011,13628,LUVA NITRILICA NBR WAVE KALIPSO - M (12 UNID),42,12.0,504,3119.634,425753922,13624,LUVA NITRILICA NBR WAVE - KALIPSO (M),504,3119.634,6479.46,1.0,True,0.0,1
442588387,16477,LUVA NITRÍLICA NITRIL WAVE - IMBAT G (12 UNID),0,12.0,0,0.0,442588178,16474,LUVA NITRÍLICA NITRIL WAVE - IMBAT (G),0,0.0,597.87,1.0,True,1.0,1
442588417,16478,LUVA NITRÍLICA NITRIL WAVE - IMBAT GG (12 UNID),0,12.0,0,0.0,442588200,16475,LUVA NITRÍLICA NITRIL WAVE - IMBAT (GG),0,0.0,605.52,1.0,True,1.0,1
442588356,16476,LUVA NITRÍLICA NITRIL WAVE - IMBAT M (12 UNID),0,12.0,0,0.0,442588166,16473,LUVA NITRÍLICA NITRIL WAVE - IMBAT (M),0,0.0,619.57,1.0,True,1.0,1
422967478,13373,LUVA NITRILICA NITRIL WAVE SMART VOLK - G (12 UNID),886,12.0,10632,47525.04,422967376,13369,LUVA NITRILICA NITRIL WAVE SMART - VOLK (G),10632,47525.04,140759.33,1.0,True,0.0,1
422967507,13374,LUVA NITRILICA NITRIL WAVE SMART VOLK - GG (12 UNID),283,12.0,3396,15180.12,422967388,13370,LUVA NITRILICA NITRIL WAVE SMART - VOLK (GG),3396,15180.12,50418.76,1.0,True,0.0,1
422967468,13372,LUVA NITRILICA NITRIL WAVE SMART VOLK - M (12 UNID),324,12.0,3888,17379.36,422967354,13368,LUVA NITRILICA NITRIL WAVE SMART - VOLK (M),3888,17379.36,42417.89,1.0,True,0.0,1
422967449,13371,LUVA NITRILICA NITRIL WAVE SMART VOLK - P (12 UNID),24,12.0,288,1287.36,422967344,13367,LUVA NITRILICA NITRIL WAVE SMART - VOLK (P),288,1287.36,6751.24,1.0,True,0.0,1
431132739,13925,LUVA NITRÍLICA SEM FORRO AMBIDESTRA AMBINITRILE VERDE VOLK - G (24 UNID),0,24.0,0,0.0,431131768,14009,LUVA NITRÍLICA SEM FORRO AMBIDESTRA AMBINITRILE VERDE - VOLK (G),0,0.0,86.3,1.0,True,1.0,1
431132841,13926,LUVA NITRÍLICA SEM FORRO AMBIDESTRA AMBINITRILE VERDE VOLK - GG (24 UNID),0,24.0,0,0.0,431131846,14010,LUVA NITRÍLICA SEM FORRO AMBIDESTRA AMBINITRILE VERDE - VOLK (GG),0,0.0,0.0,1.0,True,1.0,1
431132674,13924,LUVA NITRÍLICA SEM FORRO AMBIDESTRA AMBINITRILE VERDE VOLK - M (24 UNID),0,24.0,0,0.0,431131587,14008,LUVA NITRÍLICA SEM FORRO AMBIDESTRA AMBINITRILE VERDE - VOLK (M),12,50.463,91.09,1.0,False,1.0,3
431132573,13923,LUVA NITRÍLICA SEM FORRO AMBIDESTRA AMBINITRILE VERDE VOLK - P (24 UNID),0,24.0,0,0.0,431131423,14007,LUVA NITRÍLICA SEM FORRO AMBIDESTRA AMBINITRILE VERDE - VOLK (P),0,0.0,0.0,1.0,True,1.0,1
431151242,13947,LUVA NITRÍLICA SEM FORRO SLIM AZUL VOLK - G (12 UNID),9,12.0,108,640.44,431150369,14015,LUVA NITRÍLICA SEM FORRO SLIM AZUL - VOLK (G),108,640.44,6234.49,1.0,True,0.0,1
431151248,13948,LUVA NITRÍLICA SEM FORRO SLIM AZUL VOLK - GG (12 UNID),12,12.0,144,853.92,431150834,14016,LUVA NITRÍLICA SEM FORRO SLIM AZUL - VOLK (GG),144,853.92,2775.56,1.0,True,0.0,1
431151300,13949,LUVA NITRÍLICA SEM FORRO SLIM AZUL VOLK - GGG (12 UNID),0,12.0,0,0.0,431150986,14017,LUVA NITRÍLICA SEM FORRO SLIM AZUL - VOLK (GGG),0,0.0,0.0,1.0,True,1.0,1
431151235,13946,LUVA NITRÍLICA SEM FORRO SLIM AZUL VOLK - M (12 UNID),9,12.0,108,640.44,431150360,14014,LUVA NITRÍLICA SEM FORRO SLIM AZUL - VOLK (M),108,613.7856,8821.08,1.0,True,0.0,1
431151216,13945,LUVA NITRÍLICA SEM FORRO SLIM AZUL VOLK - P (12 UNID),11,12.0,132,782.76,431150351,14013,LUVA NITRÍLICA SEM FORRO SLIM AZUL - VOLK (P),132,750.17184,2204.16,1.0,True,0.0,1
423602002,13403,LUVA NITRÍLICA SEM FORRO SLIM VERDE VOLK - G (12 UNID),108,12.0,1296,7607.52,416191573,12854,LUVA NITRÍLICA COM FORRO SLIM VERDE - VOLK (G),396,3116.52,27600.36,1.0,False,0.6944444444444444,3
423602531,13404,LUVA NITRÍLICA SEM FORRO SLIM VERDE VOLK - GG (12 UNID),57,12.0,684,4015.08,416191582,12855,LUVA NITRÍLICA COM FORRO SLIM VERDE - VOLK (GG),96,755.52,7039.89,1.0,False,0.8596491228070176,3
423601995,13402,LUVA NITRÍLICA SEM FORRO SLIM VERDE VOLK - M (12 UNID),78,12.0,936,5494.32,416191564,12853,LUVA NITRÍLICA COM FORRO SLIM VERDE - VOLK (M),444,3494.28,15618.04,1.0,False,0.5256410256410257,3
423601899,13401,LUVA NITRÍLICA SEM FORRO SLIM VERDE VOLK - P (12 UNID),26,12.0,312,1831.44,416191534,12852,LUVA NITRÍLICA COM FORRO SLIM VERDE - VOLK (P),144,1133.28,3487.32,1.0,False,0.5384615384615384,3
436003496,14572,LUVA NITRÍLICA VERDE COM FORRO ALPHATEC SOLVEX 37-175 ANSELL - G (12 UNID),0,12.0,0,0.0,436003456,14597,LUVA NITRÍLICA VERDE COM FORRO ALPHATEC SOLVEX 37-175 - ANSELL (G),0,0.0,761.43,1.0,True,1.0,1
436003510,14573,LUVA NITRÍLICA VERDE COM FORRO ALPHATEC SOLVEX 37-175 ANSELL - GG (12 UNID),4,12.0,48,634.50384,436003459,14598,LUVA NITRÍLICA VERDE COM FORRO ALPHATEC SOLVEX 37-175 - ANSELL (GG),48,634.50384,660.9,1.0,True,0.0,1
436003518,14574,LUVA NITRÍLICA VERDE COM FORRO ALPHATEC SOLVEX 37-175 ANSELL - GGG (12 UNID),0,12.0,0,0.0,436003463,14599,LUVA NITRÍLICA VERDE COM FORRO ALPHATEC SOLVEX 37-175 - ANSELL (GGG),0,0.0,0.0,1.0,True,1.0,1
436003485,14571,LUVA NITRÍLICA VERDE COM FORRO ALPHATEC SOLVEX 37-175 ANSELL - M (12 UNID),9,12.0,108,1427.63364,436003451,14596,LUVA NITRÍLICA VERDE COM FORRO ALPHATEC SOLVEX 37-175 - ANSELL (M),108,1427.63364,467.96,1.0,True,0.0,1
436003471,14570,LUVA NITRÍLICA VERDE COM FORRO ALPHATEC SOLVEX 37-175 ANSELL - P (12 UNID),9,12.0,108,1427.63364,436003440,14595,LUVA NITRÍLICA VERDE COM FORRO ALPHATEC SOLVEX 37-175 - ANSELL (P),108,1427.63364,158.63,1.0,True,0.0,1
436003468,14569,LUVA NITRÍLICA VERDE COM FORRO ALPHATEC SOLVEX 37-175 ANSELL - PP (12 UNID),0,12.0,0,0.0,436003431,14594,LUVA NITRÍLICA VERDE COM FORRO ALPHATEC SOLVEX 37-175 - ANSELL (PP),0,0.0,0.0,1.0,True,1.0,1
432216026,13969,LUVA NITRÍLICA VERDE COM FORRO NITRIFLEX DA36101 DANNY - G (12 UNID) ,1,12.0,12,218.106,432215364,14124,LUVA NITRÍLICA VERDE COM FORRO NITRIFLEX DA36101 - DANNY (G) ,12,218.106,0.0,1.0,True,0.0,1
432216189,13970,LUVA NITRÍLICA VERDE COM FORRO NITRIFLEX DA36101 DANNY - GG (12 UNID) ,2,12.0,24,436.212,432215534,14125,LUVA NITRÍLICA VERDE COM FORRO NITRIFLEX DA36101 - DANNY (GG) ,24,436.212,393.68,1.0,True,0.0,1
432215970,13968,LUVA NITRÍLICA VERDE COM FORRO NITRIFLEX DA36101 DANNY - M (12 UNID) ,3,12.0,36,654.318,432215286,14123,LUVA NITRÍLICA VERDE COM FORRO NITRIFLEX DA36101 - DANNY (M) ,37,672.4935,1144.31,1.0,True,0.02702702702702703,1
432215824,13967,LUVA NITRÍLICA VERDE COM FORRO NITRIFLEX DA36101 DANNY - P (12 UNID) ,1,12.0,12,218.106,432214582,14122,LUVA NITRÍLICA VERDE COM FORRO NITRIFLEX DA36101 - DANNY (P) ,12,218.106,0.0,1.0,True,0.0,1
436022545,14603,MACACÃO DE SEGURANÇA EDGE 67-200 MODELO 111 ANSELL - G (25 UNID),7,25.0,175,2380.05425,436022531,14607,MACACÃO DE SEGURANÇA EDGE 67-200 MODELO 111 - ANSELL (G),175,2380.05425,323.01,1.0,True,0.0,1
436016344,14558,MACACÃO DE SEGURANÇA EDGE 67-200 MODELO 111 ANSELL - GG (25 UNID),0,25.0,0,0.0,436006148,14600,MACACÃO DE SEGURANÇA EDGE 67-200 MODELO 111 - ANSELL (GG),0,0.0,646.02,1.0,True,1.0,1
436022548,14604,MACACÃO DE SEGURANÇA EDGE 67-200 MODELO 111 ANSELL - GGG (25 UNID),0,25.0,0,0.0,436022534,14608,MACACÃO DE SEGURANÇA EDGE 67-200 MODELO 111 - ANSELL (GGG),0,0.0,1360.04,1.0,True,1.0,1
436022541,14602,MACACÃO DE SEGURANÇA EDGE 67-200 MODELO 111 ANSELL - M (25 UNID),0,25.0,0,0.0,436022528,14606,MACACÃO DE SEGURANÇA EDGE 67-200 MODELO 111 - ANSELL (M),0,0.0,0.0,1.0,True,1.0,1
436022539,14601,MACACÃO DE SEGURANÇA EDGE 67-200 MODELO 111 ANSELL - P (25 UNID),0,25.0,0,0.0,436022525,14605,MACACÃO DE SEGURANÇA EDGE 67-200 MODELO 111 - ANSELL (P),0,0.0,0.0,1.0,True,1.0,1
426438543,13679,MANGOTE DE RASPA - MEGAFORTE (5 PARES),1,5.0,5,95.7,398592946,11899,MANGOTE - MEGAFORTE (RASPA),6,114.84,13295.82,1.0,True,0.16666666666666666,1
442993477,16611,MANTA ABSORVENTE DE ÓLEO 2 MM - BIOSOLVIT (100 UNID),37,100.0,3700,8041.95,442993465,16610,MANTA ABSORVENTE DE ÓLEO 2 MM - BIOSOLVIT,3700,8041.95,3685.21,1.0,True,0.0,1
442993452,16609,MANTA ABSORVENTE DE ÓLEO 4 MM - BIOSOLVIT (100 UNID),21,100.0,2100,6416.55,442993465,16610,MANTA ABSORVENTE DE ÓLEO 2 MM - BIOSOLVIT,3700,8041.95,3685.21,1.0,False,0.43243243243243246,3
406901313,12392,MÁSCARA DE TECIDO DUPLO REUTILIZÁVEL E LAVÁVEL AZUL - TREVO (10 UNIDADES),0,10.0,0,0.0,406901263,12390,MÁSCARA DE TECIDO DUPLO REUTILIZÁVEL E LAVÁVEL AZUL - TREVO,0,0.0,0.0,1.0,True,1.0,1
406901325,12393,MÁSCARA DE TECIDO DUPLO REUTILIZÁVEL E LAVÁVEL AZUL - TREVO (20 UNIDADES),0,20.0,0,0.0,406901263,12390,MÁSCARA DE TECIDO DUPLO REUTILIZÁVEL E LAVÁVEL AZUL - TREVO,0,0.0,0.0,1.0,True,1.0,1
406901276,12391,MÁSCARA DE TECIDO DUPLO REUTILIZÁVEL E LAVÁVEL AZUL - TREVO (5 UNIDADES),0,5.0,0,0.0,406901263,12390,MÁSCARA DE TECIDO DUPLO REUTILIZÁVEL E LAVÁVEL AZUL - TREVO,0,0.0,0.0,1.0,True,1.0,1
406901157,12388,MÁSCARA DE TECIDO DUPLO REUTILIZÁVEL E LAVÁVEL BRANCA - TREVO (10 UNIDADES),0,10.0,0,0.0,406901111,12386,MÁSCARA DE TECIDO DUPLO REUTILIZÁVEL E LAVÁVEL BRANCA - TREVO,0,0.0,0.0,1.0,True,1.0,1
406901169,12389,MÁSCARA DE TECIDO DUPLO REUTILIZÁVEL E LAVÁVEL BRANCA - TREVO (20 UNIDADES),0,20.0,0,0.0,406901111,12386,MÁSCARA DE TECIDO DUPLO REUTILIZÁVEL E LAVÁVEL BRANCA - TREVO,0,0.0,0.0,1.0,True,1.0,1
406901145,12387,MÁSCARA DE TECIDO DUPLO REUTILIZÁVEL E LAVÁVEL BRANCA - TREVO (5 UNIDADES),0,5.0,0,0.0,406901111,12386,MÁSCARA DE TECIDO DUPLO REUTILIZÁVEL E LAVÁVEL BRANCA - TREVO,0,0.0,0.0,1.0,True,1.0,1
435883408,14524,MOSQUETÃO DE AÇO OVAL COM FECHAMENTO EM ROSCA 23 KN WPSAM002X5 - DELTA PLUS (5 UNID),2,5.0,10,283.31134,435883404,14539,MOSQUETÃO DE AÇO OVAL COM FECHAMENTO EM ROSCA 23 KN WPSAM002X5 - DELTA PLUS,10,352.7527,317.8,1.0,True,0.0,1
415684709,12796,ÓCULOS ÁGUIA DA14700 DANNY - AMARELO (12 UNID),5,12.0,60,229.2804,415515261,12793,ÓCULOS ÁGUIA DA14700 - DANNY (AMARELO),60,229.2804,358.88,1.0,True,0.0,1
415684572,12795,ÓCULOS ÁGUIA DA14700 DANNY - CINZA (12 UNID),84,12.0,1008,3852.1224,415515252,12792,ÓCULOS ÁGUIA DA14700 - DANNY (CINZA),1011,3863.58705,7098.08,1.0,True,0.002967359050445104,1
415684552,12794,ÓCULOS ÁGUIA DA14700 DANNY - INCOLOR (12 UNID),72,12.0,864,3301.80192,415515244,12791,ÓCULOS ÁGUIA DA14700 - DANNY (INCOLOR),873,3336.19569,8226.56,1.0,True,0.010309278350515464,1
432187179,13957,ÓCULOS ÁGUIA VIC52110 ANTIEMBAÇANTE E ANTIRRISCO INCOLOR VICSA - DANNY (12 UNID),0,12.0,0,0.0,432187104,14117,ÓCULOS ÁGUIA VIC52110 ANTIEMBAÇANTE E ANTIRRISCO INCOLOR VICSA - DANNY ,0,0.0,0.0,1.0,True,1.0,1
432191992,13958,ÓCULOS ÁGUIA VIC52120 ANTIEMBAÇANTE E ANTIRRISCO CINZA VICSA - DANNY (12 UNID),0,12.0,0,0.0,432191980,14119,ÓCULOS ÁGUIA VIC52120 ANTIEMBAÇANTE E ANTIRRISCO CINZA VICSA - DANNY ,0,0.0,0.0,1.0,True,1.0,1
399212147,12016,ÓCULOS DE PROTEÇÃO JAGUAR 3M - CINZA (10 UNID),8,10.0,80,1091.5128,75318177,11001,ÓCULOS DE PROTEÇÃO JAGUAR - 3M (CINZA),84,1222.57464,4436.19,1.0,True,0.047619047619047616,1
399212223,12017,ÓCULOS DE PROTEÇÃO JAGUAR 3M - INCOLOR (10 UNID),11,10.0,110,1377.3892,76790583,11002,ÓCULOS DE PROTEÇÃO JAGUAR - 3M (INCOLOR),119,1588.76424,6744.31,1.0,True,0.07563025210084033,1
399192465,12001,ÓCULOS DE PROTEÇÃO JAGUAR KALIPSO - INCOLOR (12 UNID),106,12.0,1272,6515.82,106895950,11005,ÓCULOS DE PROTEÇÃO JAGUAR - KALIPSO (INCOLOR),1279,6551.6775,27970.19,1.0,True,0.00547302580140735,1
399192702,12012,ÓCULOS DE PROTEÇÃO JAGUAR SUPER SAFETY - CINZA (12 UNID),77,12.0,924,3951.83712,400819295,12067,ÓCULOS DE PROTEÇÃO JAGUAR - SUPER SAFETY (AMARELO),0,0.0,0.0,0.7142857142857143,False,1.0,3
399192748,12013,ÓCULOS DE PROTEÇÃO JAGUAR SUPER SAFETY - INCOLOR (12 UNID),0,12.0,0,0.0,400819295,12067,ÓCULOS DE PROTEÇÃO JAGUAR - SUPER SAFETY (AMARELO),0,0.0,0.0,0.7142857142857143,True,1.0,2
399212235,12018,ÓCULOS DE PROTEÇÃO LEOPARDO 3M - CINZA (10 UNID),15,10.0,150,1680.6705,74887555,11006,ÓCULOS DE PROTEÇÃO LEOPARDO - 3M (CINZA),153,1828.73556,11596.05,1.0,True,0.0196078431372549,1
399212336,12019,ÓCULOS DE PROTEÇÃO LEOPARDO 3M - INCOLOR (10 UNID) ,24,10.0,240,2583.6912,75318483,11007,ÓCULOS DE PROTEÇÃO LEOPARDO - 3M (INCOLOR),247,2659.04886,23117.96,1.0,True,0.02834008097165992,1
399193063,12014,ÓCULOS DE PROTEÇÃO LEOPARDO SUPER SAFETY - CINZA (12 UNID),31,12.0,372,1421.62776,400819281,12066,ÓCULOS DE PROTEÇÃO LEOPARDO - SUPER SAFETY (AMARELO),0,0.0,0.0,0.7142857142857143,False,1.0,3
399193488,12015,ÓCULOS DE PROTEÇÃO LEOPARDO SUPER SAFETY - INCOLOR (12 UNID),111,12.0,1332,5090.34456,400819281,12066,ÓCULOS DE PROTEÇÃO LEOPARDO - SUPER SAFETY (AMARELO),0,0.0,0.0,0.7142857142857143,False,1.0,3
418955337,13228,ÓCULOS DE SOBREPOR VVISION 300 ANTIRRISCO VOLK - INCOLOR (12 UNID),64,12.0,768,5744.64,418955327,13227,ÓCULOS DE SOBREPOR VVISION 300 ANTIRRISCO VOLK - (INCOLOR),769,5454.50162,15970.31,1.0,True,0.0013003901170351106,1
432189660,13961,ÓCULOS FÊNIX VIC51110 ANTIEMBAÇANTE E ANTIRRISCO INCOLOR VICSA - DANNY (12 UNID),2,12.0,24,236.12424,432189469,14118,ÓCULOS FÊNIX VIC51110 ANTIEMBAÇANTE E ANTIRRISCO INCOLOR VICSA - DANNY ,28,275.47828,257.68,1.0,True,0.14285714285714285,1
432195771,13966,ÓCULOS FÊNIX VIC51120 ANTIEMBAÇANTE E ANTIRRISCO CINZA VICSA - DANNY (12 UNID),0,12.0,0,0.0,432195755,14121,ÓCULOS FÊNIX VIC51120 ANTIEMBAÇANTE E ANTIRRISCO CINZA VICSA - DANNY ,10,89.446,0.0,1.0,False,1.0,3
418953469,13216,ÓCULOS VVISION 100 ANTIRRISCO VOLK  - INCOLOR (12 UNID),380,12.0,4560,15190.5912,418953458,13215,ÓCULOS VVISION 100 ANTIRRISCO VOLK - (INCOLOR),4560,15190.5912,51232.86,1.0,True,0.0,1
418954201,13218,ÓCULOS VVISION 100 ANTIRRISCO VOLK - CINZA (12 UNID),122,12.0,1464,4876.77432,418953733,13217,ÓCULOS VVISION 100 ANTIRRISCO VOLK - (CINZA),1464,4876.77432,10882.04,1.0,True,0.0,1
418955215,13226,ÓCULOS VVISION 200 ANTIRRISCO VOLK - AMARELO (12 UNID),0,12.0,0,0.0,418955162,13223,ÓCULOS VVISION 200 ANTIRRISCO VOLK - (AMARELO),0,0.0,362.93,1.0,True,1.0,1
418955208,13225,ÓCULOS VVISION 200 ANTIRRISCO VOLK - CINZA (12 UNID),85,12.0,1020,3397.8648,418953733,13217,ÓCULOS VVISION 100 ANTIRRISCO VOLK - (CINZA),1464,4876.77432,10882.04,1.0,False,0.30327868852459017,3
418955201,13224,ÓCULOS VVISION 200 ANTIRRISCO VOLK - INCOLOR (12 UNID),94,12.0,1128,3757.65,418953458,13215,ÓCULOS VVISION 100 ANTIRRISCO VOLK - (INCOLOR),4560,15190.5912,51232.86,1.0,False,0.7526315789473684,3
440866029,16345,PEDESTAL DE SINALIZAÇÃO ZEBRADO PRETO E AMARELO 95 CM COM 2 GANCHOS - DELTA PLUS (4 UNID),4,4.0,16,4.0,440696386,16297,PEDESTAL DE SINALIZAÇÃO ZEBRADO PRETO E AMARELO 95 CM COM 2 GANCHOS - DELTA PLUS,16,443.772,0.0,1.0,True,0.0,1
426439934,13680,PERNEIRA DE RASPA - MEGAFORTE (5 PARES),12,5.0,60,1355.31,243049551,11439,PERNEIRA - MEGAFORTE (RASPA),61,1377.8985,14208.77,1.0,True,0.01639344262295082,1
399559542,12031,PRÉ FILTRO LINHA 3000 3M - 7711 (10 UNID),0,10.0,0,0.0,74887655,11062,PRÉ FILTRO LINHA 3000 - 3M (7711),0,0.0,0.0,1.0,True,1.0,1
399559524,12030,PRÉ FILTRO LINHAS 6000 E 7500 3M - 5N11 (10 UNID),25,10.0,250,2711.6775,75098321,11063,PRÉ FILTRO LINHA 6000 / 7500 - 3M (5N11),250,2711.6775,16584.19,0.75,True,0.0,2
435886952,14498,"PRÉ FILTRO PARA POEIRAS, NÉVOAS E FUMOS M600 P2 CLIP M6000REFP210BR - DELTA PLUS (10 UNID)",63,10.0,630,1086.5169,435886937,14542,"PRÉ FILTRO PARA POEIRAS, NÉVOAS E FUMOS M600 P2 CLIP M6000REFP210BR - DELTA PLUS",630,1086.5169,5327.84,1.0,True,0.0,1
425532654,13619,PRÉ FILTRO PF5 - CARBOGRAFITE (100 UNID),2,100.0,200,106.1,425532618,13618,PRÉ FILTRO PF5 - CARBOGRAFITE,200,106.098,0.0,1.0,True,0.0,1
417694100,13056,PROTETOR AURICULAR - SUPER SAFETY (50 UNID) ,0,50.0,0,0.0,417694078,13055,PROTETOR AURICULAR - SUPER SAFETY,0,0.0,0.0,1.0,True,1.0,1
418170633,13098,PROTETOR AURICULAR C/ CORDÃO SINTÉTICO TIPO PLUG SILICONE 3M - 16 DB (100 UNID),76,100.0,7600,36204.5,395646644,11866,PROTETOR AURICULAR C/ CORDÃO SINTÉTICO TIPO PLUG SILICONE - 3M (16 DB),7652,36452.215,8840.5,1.0,True,0.006795608991113434,1
436049965,14610,PROTETOR AURICULAR DE SILICONE SPOT PLUG - CAMPER (50 UNID),148,50.0,7400,11416.276,436049960,14611,PROTETOR AURICULAR DE SILICONE SPOT PLUG - CAMPER,7400,11416.276,32763.75,1.0,True,0.0,1
415688711,12658,PROTETOR AURICULAR ESPUMA COM CORDÃO 3M - 16 DB (100 UNID),68,100.0,6800,19798.064,415072783,12657,PROTETOR AURICULAR ESPUMA - 3M (COM CORDÃO),6869,19998.95612,17117.25,0.8333333333333334,True,0.010045130295530644,2
399099558,11906,PROTETOR AURICULAR ESPUMA SEM CORDÃO 3M - 16 DB (200 UNID),179,200.0,35800,38813.286,415072783,12657,PROTETOR AURICULAR ESPUMA - 3M (COM CORDÃO),6869,19998.95612,17117.25,0.8333333333333334,False,0.8081284916201117,3
399191756,11999,PROTETOR AURICULAR MILLENIUM PLUG SILICONE 3M 15 DB - G (100 UNID) ,1,100.0,100,877.275,160519004,11327,PROTETOR AURICULAR MILLENIUM TIPO PLUG SILICONE 15 DB - 3M (G),115,1014.3,2311.9,0.875,True,0.13043478260869565,1
399191752,11998,PROTETOR AURICULAR MILLENIUM PLUG SILICONE 3M 15 DB - M (100 UNID) ,1,100.0,100,877.275,160518457,11326,PROTETOR AURICULAR MILLENIUM TIPO PLUG SILICONE 15 DB - 3M (M),170,1499.4,9711.1,0.875,False,0.4117647058823529,3
399191748,11997,PROTETOR AURICULAR MILLENIUM PLUG SILICONE 3M 15 DB - P (100 UNID) ,2,100.0,200,1754.55,160518275,11325,PROTETOR AURICULAR MILLENIUM TIPO PLUG SILICONE 15 DB - 3M (P),258,2275.56,4233.76,0.875,False,0.2248062015503876,3
435881645,14534,PROTETOR AURICULAR PLUG COPOLÍERO WPS0150 - DELTA PLUS (100 UNID),0,100.0,0,0.0,435881642,14514,PROTETOR AURICULAR PLUG COPOLÍERO WPS0150 - DELTA PLUS,0,0.0,0.0,1.0,True,1.0,1
438257083,14843,PROTETOR AURICULAR PLUG MOLDÁVEL COM CORDÃO SINTÉTICO CONICCO200 - DELTA PLUS (200 PARES),4,200.0,800,1440.056,438257063,14842,PROTETOR AURICULAR PLUG MOLDÁVEL COM CORDÃO SINTÉTICO CONICCO200 - DELTA PLUS,806,1450.85642,1219.78,1.0,True,0.007444168734491315,1
435881712,14535,PROTETOR AURICULAR PLUG MOLDÁVEL CONIC200JA - DELTA PLUS (200 UNID),8,200.0,1600,1402.352,435881706,14538,PROTETOR AURICULAR PLUG MOLDÁVEL CONIC200JA - DELTA PLUS,1600,1402.352,0.0,1.0,True,0.0,1
399191698,11996,PROTETOR AURICULAR PLUG SILICONE 3M - 18 DB (100 UNID),136,100.0,13600,57030.784,74887658,11066,PROTETOR AURICULAR TIPO PLUG SILICONE - 3M (16 DB),13625,57135.62,180611.86,0.8571428571428571,True,0.001834862385321101,1
399191126,11995,PROTETOR AURICULAR PLUG SILICONE KALIPSO - 13 DB (50 UNID) ,100,50.0,5000,9765.0,396469557,11890,PROTETOR AURICULAR TIPO PLUG SILICONE - KALIPSO (13 DB),5002,9768.906,64058.29,0.8571428571428571,True,0.00039984006397441024,1
435881661,14533,PROTETOR AURICULAR PLUG SILICONE WPS0151 - DELTA PLUS (100 UNID),54,100.0,5400,10465.416,435881658,14537,PROTETOR AURICULAR PLUG SILICONE WPS0151 - DELTA PLUS,5406,10477.04424,58954.36,1.0,True,0.0011098779134295228,1
435345565,14323,PROTETOR FACIAL INCOLOR COM CAPACETE AMARELO - CAMPER ,0,,0,0.0,406633608,12369,PROTETOR FACIAL COM SUPORTE UNIVERSAL PARA CAPACETE - CAMPER (INCOLOR),112,6520.27376,23301.36,0.625,False,1.0,3
435348454,14327,PROTETOR FACIAL INCOLOR COM CAPACETE CINZA - CAMPER ,-1,,0,-71.24415,406633608,12369,PROTETOR FACIAL COM SUPORTE UNIVERSAL PARA CAPACETE - CAMPER (INCOLOR),112,6520.27376,23301.36,0.625,False,1.0,3
435345772,14324,PROTETOR FACIAL INCOLOR COM CAPACETE LARANJA - CAMPER ,1,,0,71.24415,406633608,12369,PROTETOR FACIAL COM SUPORTE UNIVERSAL PARA CAPACETE - CAMPER (INCOLOR),112,6520.27376,23301.36,0.625,False,1.0,3
435345347,14322,PROTETOR FACIAL INCOLOR COM CAPACETE MARROM - CAMPER ,9,,0,641.19735,406633608,12369,PROTETOR FACIAL COM SUPORTE UNIVERSAL PARA CAPACETE - CAMPER (INCOLOR),112,6520.27376,23301.36,0.625,False,1.0,3
435348533,14321,PROTETOR FACIAL INCOLOR COM CAPACETE PRETO - CAMPER ,112,,0,7979.3448,406633608,12369,PROTETOR FACIAL COM SUPORTE UNIVERSAL PARA CAPACETE - CAMPER (INCOLOR),112,6520.27376,23301.36,0.625,False,1.0,3
435348308,14326,PROTETOR FACIAL INCOLOR COM CAPACETE VERDE - CAMPER ,1,,0,71.24415,406633608,12369,PROTETOR FACIAL COM SUPORTE UNIVERSAL PARA CAPACETE - CAMPER (INCOLOR),112,6520.27376,23301.36,0.625,False,1.0,3
435346065,14325,PROTETOR FACIAL INCOLOR COM CAPACETE VERMELHO - CAMPER ,0,,0,0.0,406633608,12369,PROTETOR FACIAL COM SUPORTE UNIVERSAL PARA CAPACETE - CAMPER (INCOLOR),112,6520.27376,23301.36,0.625,False,1.0,3
435857713,14488,RESPIRADOR PFF1 COM VÁLVULA PRO SAFETY - DELTA PLUS (100 UNID),0,100.0,0,0.0,435857652,14507,RESPIRADOR PFF1 COM VÁLVULA PRO SAFETY - DELTA PLUS,0,0.0,23014.61,1.0,True,1.0,1
442848624,16596,RESPIRADOR PFF1 COM VÁLVULA TIPO CONCHA CONFORT M1100VBR - DELTA PLUS (10 UNID),47,10.0,470,2915.1045,442848607,16595,RESPIRADOR PFF1 COM VÁLVULA TIPO CONCHA CONFORT M1100VBR - DELTA PLUS,470,2915.1045,167.24,1.0,True,0.0,1
435857875,14489,RESPIRADOR PFF1 SEM VÁLVULA PRO SAFETY - DELTA PLUS (100 UNID),21,100.0,2100,2282.175,435857652,14507,RESPIRADOR PFF1 COM VÁLVULA PRO SAFETY - DELTA PLUS,0,0.0,23014.61,1.0,False,1.0,3
442848562,16594,RESPIRADOR PFF1 SEM VÁLVULA TIPO CONCHA CONFORT M1100BR - DELTA PLUS (10 UNID),19,10.0,190,986.6282,442848557,16593,RESPIRADOR PFF1 SEM VÁLVULA TIPO CONCHA CONFORT M1100BR - DELTA PLUS,190,986.6282,979.2,1.0,True,0.0,1
413440095,12635,RESPIRADOR PFF2 9320 BR AURA 3M - SEM VÁLVULA (10 UNID),79,10.0,790,6407.8875,413412836,12633,RESPIRADOR PFF2 9320 BR AURA - 3M (S/ VÁLVULA),790,6171.48,46768.55,1.0,True,0.0,1
416483591,12673,RESPIRADOR PFF2 9822 BR 3M - COM VÁLVULA (50 UNID),0,50.0,0,0.0,413440137,12636,RESPIRADOR PFF2 9822 BR - 3M (C/ VÁLVULA),0,0.0,40344.36,1.0,True,1.0,1
418304418,13100,RESPIRADOR PFF2 BRANCO SL2750 TAYCO - SEM VÁLVULA (100 UNID),0,100.0,0,0.0,418304402,13099,RESPIRADOR PFF2 BRANCO SL2750 - TAYCO (S/ VÁLVULA),0,0.0,0.0,1.0,True,1.0,1
418072079,13097,RESPIRADOR PFF2 BRANCO SUPER SAFETY - SEM VÁLVULA (100 UNID),0,100.0,0,0.0,418072064,13096,RESPIRADOR PFF2 BRANCO - SUPER SAFETY (S/ VÁLVULA),0,0.0,0.0,1.0,True,1.0,1
435857070,14486,RESPIRADOR PFF2 COM VÁLVULA PRO SAFETY - DELTA PLUS (100 UNID),0,100.0,0,0.0,435857063,14505,RESPIRADOR PFF2 COM VÁLVULA PRO SAFETY - DELTA PLUS,0,0.0,116145.26,1.0,True,1.0,1
442848640,16598,RESPIRADOR PFF2 COM VÁLVULA TIPO CONCHA CONFORT M1200VBR - DELTA PLUS (10 UNID),65,10.0,650,4153.357,442848637,16597,RESPIRADOR PFF2 COM VÁLVULA TIPO CONCHA CONFORT M1200VBR - DELTA PLUS,650,4153.357,1418.22,1.0,True,0.0,1
418071798,13095,RESPIRADOR PFF2 PRETO SUPER SAFETY - SEM VÁLVULA (100 UNID),0,100.0,0,0.0,418071781,13094,RESPIRADOR PFF2 PRETO - SUPER SAFETY (S/ VÁLVULA),0,0.0,0.0,1.0,True,1.0,1
437632290,14686,RESPIRADOR PFF2 SEM VÁLVULA 9820 BR - 3M (100 UNID),7,100.0,700,2778.3,437632287,14685,RESPIRADOR PFF2 SEM VÁLVULA 9820 BR - 3M,729,2927.84625,17436.59,1.0,True,0.039780521262002745,1
435856492,14487,RESPIRADOR PFF2 SEM VÁLVULA PRO SAFETY - DELTA PLUS (100 UNID),1,100.0,100,105.525,435857063,14505,RESPIRADOR PFF2 COM VÁLVULA PRO SAFETY - DELTA PLUS,0,0.0,116145.26,1.0,False,1.0,3
442848548,16592,RESPIRADOR PFF2 SEM VÁLVULA TIPO CONCHA CONFORT M1200BR - DELTA PLUS (10 UNID),126,10.0,1260,7048.4904,442848543,16591,RESPIRADOR PFF2 SEM VÁLVULA TIPO CONCHA CONFORT M1200BR - DELTA PLUS,1260,7048.4904,2133.41,1.0,True,0.0,1
440758301,16300,RESPIRADOR PFF2 VO CARVÃO ATIVADO COM VÁLVULA 8023 - 3M (10 UNID),85,10.0,850,19666.2375,440587697,16180,RESPIRADOR PFF2 VO CARVÃO ATIVADO COM VÁLVULA 8023 - 3M,850,17310.0375,7168.99,1.0,True,0.0,1
435858039,14519,RESPIRADOR PFF2 VO CARVÃO ATIVADO COM VÁLVULA PRO SAFETY - DELTA PLUS (100 UNID),0,100.0,0,0.0,435858036,14510,RESPIRADOR PFF2 VO CARVÃO ATIVADO COM VÁLVULA PRO SAFETY - DELTA PLUS ,0,0.0,32229.85,1.0,True,1.0,1
442848722,16600,RESPIRADOR PFF2 VO CARVÃO ATIVADO COM VÁLVULA TIPO CONCHA CONFORT M1200VWBR - DELTA PLUS (10 UNID),31,10.0,310,2305.0298,442848718,16599,RESPIRADOR PFF2 VO CARVÃO ATIVADO COM VÁLVULA TIPO CONCHA CONFORT M1200VWBR - DELTA PLUS,310,2305.0298,662.21,1.0,True,0.0,1
435858078,14518,RESPIRADOR PFF2 VO CARVÃO ATIVADO SEM VÁLVULA PRO SAFETY - DELTA PLUS (100 UNID),20,100.0,2000,3685.5,435858036,14510,RESPIRADOR PFF2 VO CARVÃO ATIVADO COM VÁLVULA PRO SAFETY - DELTA PLUS ,0,0.0,32229.85,1.0,False,1.0,3
442848846,16602,RESPIRADOR PFF2 VO CARVÃO ATIVADO SEM VÁLVULA TIPO CONCHA CONFORT M1200WBR - DELTA PLUS (10 UNID),15,10.0,150,962.7195,442848829,16601,RESPIRADOR PFF2 VO CARVÃO ATIVADO SEM VÁLVULA TIPO CONCHA CONFORT M1200WBR - DELTA PLUS,150,962.7195,289.87,1.0,True,0.0,1
435858031,14490,RESPIRADOR PFF3 COM VÁLVULA PRO SAFETY - DELTA PLUS (100 UNID),10,100.0,1000,1827.0,435858016,14509,RESPIRADOR PFF3 COM VÁLVULA PRO SAFETY - DELTA PLUS,1000,1827.0,55666.35,1.0,True,0.0,1
442848057,16590,RESPIRADOR PFF3 COM VÁLVULA TIPO CONCHA CONFORT M1300VBR - DELTA PLUS (10 UNID),163,10.0,1630,11441.296,442848008,16589,RESPIRADOR PFF3 COM VÁLVULA TIPO CONCHA CONFORT M1300VBR - DELTA PLUS,1630,11441.296,2793.18,1.0,True,0.0,1
435857188,14491,RESPIRADOR PFF3 SEM VÁLVULA PRO SAFETY - DELTA PLUS (100 UNID),45,100.0,4500,7229.25,435858016,14509,RESPIRADOR PFF3 COM VÁLVULA PRO SAFETY - DELTA PLUS,1000,1827.0,55666.35,1.0,False,0.7777777777777778,3
442847708,16588,RESPIRADOR PFF3 SEM VÁLVULA TIPO CONCHA CONFORT M1300BR - DELTA PLUS (10 UNID),20,10.0,200,1145.97,442847606,16587,RESPIRADOR PFF3 SEM VÁLVULA TIPO CONCHA CONFORT M1300BR - DELTA PLUS,200,1145.97,0.0,1.0,True,0.0,1
442993664,16617,TRAVESSEIRO ABSORVENTE DE ÓLEO 23 X 23 CM - BIOSOLVIT (50 UNID),5,50.0,250,1960.875,442993654,16616,TRAVESSEIRO ABSORVENTE DE ÓLEO 23 X 23 CM - BIOSOLVIT,250,1960.875,836.16,1.0,True,0.0,1
442993691,16619,TRAVESSEIRO ABSORVENTE DE ÓLEO 45 X 45 CM - BIOSOLVIT (12 UNID),4,12.0,48,849.744,442993654,16616,TRAVESSEIRO ABSORVENTE DE ÓLEO 23 X 23 CM - BIOSOLVIT,250,1960.875,836.16,1.0,False,0.808,3
